,no_of_words,length_of_text,sum_of_digits,longest_word
0,20,112,0,9
1,6,30,0,6
2,30,156,25,17
3,11,50,0,7
4,14,62,0,6
5,35,149,4,7
6,16,78,0,7
7,25,161,1,15
8,24,159,19,11
9,27,155,13,11
10,25,110,0,7
11,23,137,22,7
12,28,157,20,15
13,38,197,0,9
14,8,36,0,6
15,23,150,0,18
16,6,27,0,8
17,18,82,1,8
18,15,59,0,5
19,23,157,23,17
20,8,42,0,9
21,11,50,1,6
22,11,54,0,5
23,19,89,1,7
24,11,58,0,10
25,30,145,0,7
26,5,31,0,10
27,29,135,0,6
28,19,76,0,7
29,12,65,0,8
30,29,131,0,9
31,40,190,2,10
32,6,30,0,8
33,17,85,0,9
34,30,160,1,12
35,28,124,2,7
36,11,48,0,8
37,8,29,0,6
38,4,28,0,8
39,33,156,0,8
40,17,83,0,7
41,28,143,0,7
42,27,173,22,11
43,4,20,0,6
44,14,73,0,7
45,5,33,0,8
46,9,46,0,12
47,5,32,0,8
48,15,68,0,9
49,33,149,0,9
50,12,59,0,7
51,24,125,0,7
52,17,81,0,8
53,60,290,0,13
54,22,121,0,9
55,14,77,0,9
56,25,162,24,11
57,7,35,0,7
58,4,23,0,7
59,8,41,0,6
60,24,109,1,8
61,9,49,0,9
62,6,26,0,8
63,12,57,0,9
64,24,111,0,7
65,27,154,15,11
66,23,123,0,9
67,25,162,21,17
68,16,79,0,7
69,8,35,0,5
70,8,47,0,5
71,5,30,0,8
72,11,46,0,9
73,9,43,0,9
74,5,21,0,4
75,9,44,0,7
76,14,74,0,9
77,11,51,0,7
78,8,43,0,7
79,17,77,0,7
80,5,23,0,5
81,8,33,0,4
82,10,33,0,4
83,9,37,0,5
84,3,15,0,4
85,12,56,0,7
86,26,122,1,7
87,33,145,0,8
88,10,43,0,7
89,8,42,0,8
90,12,63,0,9
91,40,196,2,11
92,26,142,1,8
93,22,140,22,14
94,19,108,3,9
95,26,159,18,9
96,6,34,0,8
97,12,52,0,6
98,37,179,0,12
99,7,32,0,9
100,12,58,0,7
101,21,82,0,5
102,17,77,1,7
103,25,161,1,15
104,38,184,0,9
105,10,45,0,4
106,17,96,0,9
107,11,44,0,5
108,15,83,0,11
109,24,116,0,6
110,7,31,0,5
111,8,41,0,8
112,6,32,0,6
113,24,97,1,6
114,26,160,22,11
115,27,144,0,8
116,30,157,1,9
117,24,154,22,14
118,12,73,0,8
119,17,87,0,8
120,15,145,34,11
121,25,158,26,11
122,10,54,0,7
123,23,157,22,11
124,12,53,2,5
125,8,41,0,7
126,4,21,0,5
127,49,245,0,9
128,5,23,0,5
129,27,108,0,6
130,7,29,0,4
131,3,10,0,4
132,6,40,0,10
133,4,26,0,8
134,26,127,8,8
135,28,163,13,9
136,9,39,0,7
137,8,35,0,5
138,9,47,0,10
139,31,156,5,8
140,20,87,0,6
141,9,34,0,4
142,5,28,0,7
143,26,157,2,8
144,10,43,0,4
145,7,26,0,3
146,10,49,0,6
147,31,160,14,15
148,17,85,0,5
149,7,34,0,7
150,6,31,0,5
151,10,46,0,8
152,13,60,2,6
153,4,26,0,7
154,25,161,1,15
155,81,385,0,10
156,5,29,0,11
157,6,28,0,7
158,33,158,0,9
159,18,125,11,11
160,23,147,20,13
161,25,116,0,8
162,14,65,0,7
163,21,86,0,7
164,27,153,13,12
165,30,156,1,9
166,10,52,0,8
167,26,158,18,11
168,14,75,0,15
169,13,68,0,6
170,11,60,0,10
171,10,51,0,7
172,19,95,1,7
173,6,34,0,6
174,20,106,0,7
175,14,62,0,6
176,15,66,0,6
177,6,27,0,5
178,30,147,0,7
179,16,67,0,6
180,26,127,0,10
181,31,160,1,10
182,6,24,0,5
183,13,66,0,9
184,5,25,0,5
185,5,27,0,7
186,27,153,0,8
187,7,35,0,7
188,23,150,22,14
189,13,56,0,5
190,19,89,0,8
191,13,73,2,12
192,40,186,0,8
193,6,38,0,9
194,22,112,0,7
195,20,93,1,7
196,7,29,0,4
197,6,29,0,7
198,14,65,1,7
199,29,132,0,10
200,8,41,0,5
201,6,29,0,5
202,18,85,0,8
203,28,175,0,12
204,3,25,0,11
205,6,26,2,5
206,14,65,0,8
207,30,157,1,9
208,5,29,0,8
209,15,87,0,10
210,8,40,0,5
211,15,74,0,9
212,6,27,0,6
213,5,24,0,5
214,5,25,0,3
215,6,32,0,6
216,9,59,0,10
217,10,49,0,6
218,8,42,0,8
219,7,33,1,5
220,36,160,0,8
221,6,26,0,4
222,31,162,0,10
223,5,23,0,5
224,26,120,0,8
225,21,144,31,12
226,13,70,0,10
227,28,138,2,8
228,5,31,0,8
229,25,166,0,8
230,8,35,0,7
231,21,110,0,11
232,8,38,0,6
233,7,34,0,7
234,9,49,0,9
235,30,158,7,11
236,10,51,0,8
237,15,66,0,6
238,8,39,0,5
239,25,146,0,9
240,25,146,24,12
241,10,52,0,8
242,7,46,0,17
243,16,84,0,7
244,35,156,1,10
245,7,38,0,10
246,18,79,0,8
247,8,31,0,5
248,6,32,1,7
249,31,147,0,9
250,21,151,22,20
251,8,45,1,7
252,34,180,0,9
253,6,28,0,5
254,37,180,2,8
255,10,39,0,5
256,20,98,0,11
257,9,44,0,5
258,7,37,0,5
259,25,155,14,11
260,16,75,0,6
261,1,4,0,3
262,19,86,0,8
263,10,52,10,10
264,23,122,13,11
265,6,27,0,4
266,7,36,0,7
267,11,48,0,6
268,27,160,19,12
269,9,48,0,8
270,24,134,0,8
271,10,54,0,9
272,29,148,0,7
273,26,156,12,10
274,8,38,1,5
275,6,32,0,9
276,1,9,0,5
277,9,39,0,7
278,8,31,0,7
279,11,48,0,4
280,10,57,0,12
281,5,23,0,6
282,27,144,0,10
283,7,30,0,5
284,1,8,0,4
285,27,122,0,7
286,13,59,0,7
287,1,5,0,2
288,34,149,1,7
289,33,161,0,7
290,27,153,0,11
291,8,38,0,7
292,13,56,0,7
293,4,22,1,4
294,5,23,0,4
295,7,51,0,12
296,30,160,13,8
297,13,68,0,11
298,35,154,0,6
299,11,52,0,7
300,15,68,0,7
301,17,89,0,8
302,31,158,0,9
303,21,92,0,7
304,5,25,0,10
305,26,147,8,12
306,11,58,0,6
307,7,27,0,4
308,15,72,0,10
309,23,139,5,9
310,11,56,0,9
311,25,157,3,9
312,24,135,18,11
313,27,120,0,10
314,34,143,2,6
315,10,42,0,5
316,5,27,0,7
317,23,120,1,6
318,9,47,0,7
319,26,158,13,11
320,4,24,0,6
321,10,52,0,9
322,13,63,0,5
323,25,108,4,6
324,31,158,0,9
325,6,31,0,7
326,5,33,0,8
327,7,32,0,6
328,18,80,0,7
329,7,33,0,6
330,21,87,0,7
331,6,23,0,5
332,13,77,0,11
333,21,129,12,10
334,44,233,0,10
335,27,160,23,11
336,10,46,0,6
337,11,58,0,6
338,4,27,0,8
339,5,23,0,5
340,8,42,0,7
341,7,29,0,5
342,31,152,4,9
343,5,30,0,8
344,7,35,0,10
345,9,53,0,9
346,5,34,0,8
347,20,86,0,7
348,5,32,0,8
349,21,112,8,10
350,15,79,0,8
351,12,51,0,6
352,17,64,0,7
353,31,149,0,10
354,28,130,0,7
355,8,46,1,7
356,39,203,0,10
357,21,151,22,20
358,24,149,28,11
359,34,169,0,10
360,18,86,0,7
361,7,39,0,6
362,4,16,0,4
363,6,32,0,6
364,16,89,0,7
365,31,161,0,9
366,12,51,0,7
367,20,166,18,12
368,18,130,17,14
369,5,27,0,7
370,7,32,0,5
371,27,130,0,8
372,8,35,0,5
373,12,55,0,5
374,37,163,0,7
375,24,158,14,11
376,5,24,0,6
377,11,54,0,9
378,26,132,0,9
379,7,37,0,7
380,27,144,0,9
381,64,301,0,9
382,12,60,0,7
383,9,43,0,5
384,9,42,3,4
385,21,150,16,11
386,5,23,1,5
387,6,32,0,8
388,7,31,0,4
389,22,156,16,13
390,9,48,0,7
391,5,26,0,6
392,16,81,0,10
393,5,23,0,7
394,28,116,0,6
395,11,57,3,5
396,17,103,0,11
397,26,119,1,8
398,44,222,0,8
399,38,205,0,10
400,20,115,0,13
401,30,159,28,8
402,9,40,0,6
403,7,37,0,7
404,10,49,0,9
405,14,78,0,11
406,14,61,0,7
407,32,169,0,10
408,9,52,0,9
409,3,23,0,7
410,25,153,0,10
411,17,76,0,7
412,8,31,0,5
413,21,96,0,5
414,5,25,0,5
415,5,50,19,12
416,7,36,0,7
417,7,30,0,7
418,20,108,10,11
419,15,67,0,7
420,26,160,31,15
421,10,49,0,6
422,25,163,19,17
423,5,25,0,6
424,20,138,21,11
425,35,249,9,10
426,7,26,0,5
427,5,28,0,5
428,7,38,0,9
429,15,70,1,9
430,33,151,0,8
431,5,25,0,8
432,15,81,0,8
433,22,158,33,11
434,4,26,0,6
435,13,74,0,12
436,17,90,0,7
437,13,59,0,7
438,6,37,0,9
439,16,77,2,7
440,11,48,0,7
441,19,105,0,9
442,8,39,0,8
443,17,70,0,5
444,5,23,0,5
445,18,122,0,13
446,21,95,0,7
447,12,71,0,8
448,13,74,0,13
449,8,43,0,5
450,3,18,2,5
451,2,14,0,6
452,10,46,0,6
453,12,58,0,8
454,21,106,0,10
455,26,165,19,10
456,10,48,0,8
457,27,118,0,11
458,29,159,0,12
459,17,80,3,5
460,24,143,0,10
461,16,63,0,5
462,13,72,0,7
463,30,176,13,11
464,7,30,0,5
465,8,30,0,7
466,26,149,0,9
467,17,84,0,8
468,8,38,0,5
469,10,45,2,4
470,8,46,0,8
471,24,162,24,11
472,9,51,0,8
473,53,299,1,10
474,28,160,13,9
475,26,126,2,7
476,13,52,0,7
477,6,29,0,5
478,6,35,0,7
479,11,47,1,7
480,16,82,0,8
481,7,29,0,6
482,17,91,0,7
483,3,19,0,8
484,11,55,0,5
485,9,56,0,9
486,10,46,1,6
487,22,147,14,11
488,7,41,0,7
489,20,108,2,7
490,12,51,0,7
491,27,121,0,7
492,25,161,24,11
493,7,33,0,7
494,6,35,0,7
495,8,33,0,4
496,3,17,0,4
497,14,68,0,7
498,11,56,0,9
499,7,44,1,7
500,5,24,0,6
501,33,150,1,8
502,5,22,0,4
503,3,24,0,11
504,8,41,0,7
505,25,171,41,15
506,27,118,1,7
507,11,63,0,9
508,34,167,0,8
509,4,25,0,12
510,17,137,9,9
511,23,100,1,8
512,10,46,0,6
513,4,24,0,8
514,5,26,0,6
515,25,149,18,11
516,5,27,0,11
517,26,147,10,8
518,16,90,0,10
519,35,169,0,11
520,22,118,0,11
521,10,47,0,9
522,6,27,0,6
523,7,29,0,5
524,7,33,0,6
525,25,146,24,7
526,14,58,1,9
527,26,161,24,11
528,9,43,0,6
529,19,112,5,10
530,8,37,0,6
531,17,147,40,11
532,9,51,0,7
533,5,34,0,8
534,4,16,0,4
535,39,178,1,10
536,33,161,0,10
537,13,64,0,8
538,18,85,0,7
539,15,85,0,9
540,12,58,0,7
541,16,97,6,19
542,25,170,0,15
543,17,77,0,7
544,10,48,1,6
545,27,131,0,8
546,4,24,0,7
547,33,150,0,10
548,7,33,0,5
549,4,23,0,4
550,22,102,1,7
551,54,282,0,10
552,11,55,0,9
553,22,121,0,15
554,31,139,0,6
555,32,136,0,7
556,10,67,0,9
557,8,41,0,6
558,8,41,0,7
559,14,71,0,8
560,33,161,0,8
561,7,27,0,6
562,7,33,1,7
563,11,52,0,6
564,26,161,22,11
565,29,147,0,7
566,21,104,2,8
567,9,46,0,8
568,30,143,0,8
569,19,93,0,8
570,7,27,0,5
571,26,135,2,7
572,8,38,0,7
573,5,23,0,4
574,4,23,0,7
575,6,34,1,7
576,12,70,19,15
577,25,110,0,7
578,8,37,2,6
579,18,101,15,11
580,28,141,0,11
581,9,52,0,7
582,10,47,0,6
583,26,150,17,11
584,15,64,0,4
585,18,96,0,10
586,15,70,1,8
587,23,111,0,8
588,9,54,0,6
589,6,28,0,6
590,9,35,0,7
591,24,128,24,11
592,22,143,19,11
593,17,149,40,11
594,5,25,0,5
595,28,148,0,10
596,6,25,0,5
597,7,30,0,4
598,11,87,11,12
599,17,88,0,9
600,10,39,0,7
601,17,105,0,9
602,15,60,0,7
603,8,39,0,8
604,8,39,0,5
605,4,23,0,5
606,6,26,0,4
607,17,136,27,11
608,18,88,0,10
609,5,20,0,4
610,15,67,0,8
611,28,141,11,8
612,30,157,1,9
613,4,23,0,10
614,24,108,3,6
615,14,66,0,6
616,27,148,1,10
617,28,138,0,8
618,4,26,0,9
619,12,61,0,11
620,19,104,0,11
621,8,38,0,7
622,11,59,0,6
623,17,88,0,9
624,13,59,0,6
625,24,124,0,9
626,15,68,1,10
627,15,67,0,7
628,22,103,1,7
629,22,131,10,12
630,23,151,21,11
631,8,36,0,6
632,2,9,0,5
633,13,63,0,9
634,11,59,0,9
635,27,144,7,12
636,5,21,0,5
637,19,101,0,10
638,10,52,0,8
639,8,37,0,6
640,11,54,0,8
641,17,89,0,12
642,29,134,0,8
643,9,37,0,8
644,7,38,0,8
645,27,128,0,9
646,16,93,0,9
647,17,81,0,13
648,17,137,29,11
649,8,36,0,5
650,18,98,24,15
651,10,67,0,9
652,25,120,0,8
653,14,66,0,7
654,6,27,0,4
655,6,29,0,7
656,8,46,0,9
657,37,158,0,5
658,9,37,0,5
659,19,95,0,9
660,6,60,21,11
661,27,141,1,8
662,5,23,0,6
663,10,58,0,5
664,7,44,0,7
665,12,62,0,9
666,10,57,0,8
667,13,55,0,6
668,7,38,0,7
669,5,26,0,7
670,5,22,0,7
671,8,37,0,5
672,17,94,9,7
673,30,155,21,11
674,32,154,0,8
675,11,47,0,5
676,8,35,0,5
677,15,81,0,12
678,15,70,1,8
679,6,25,0,6
680,24,109,0,7
681,9,47,0,7
682,7,31,2,7
683,5,23,1,5
684,33,159,14,12
685,19,88,1,8
686,5,31,0,8
687,29,144,1,8
688,35,170,0,11
689,9,43,0,6
690,14,112,23,12
691,4,19,0,4
692,19,110,15,7
693,15,77,0,6
694,16,74,0,8
695,21,93,0,7
696,6,37,0,13
697,11,55,0,6
698,16,79,0,11
699,7,31,0,4
700,10,41,0,5
701,7,30,0,7
702,5,23,0,5
703,13,78,0,11
704,22,110,0,9
705,18,76,0,7
706,18,77,0,6
707,8,31,0,5
708,9,50,2,6
709,27,156,1,11
710,24,161,16,13
711,57,317,2,11
712,40,196,0,10
713,5,38,16,11
714,24,126,0,8
715,10,49,0,5
716,10,40,0,5
717,21,164,47,16
718,25,122,4,10
719,24,148,22,14
720,32,163,0,9
721,7,30,0,7
722,8,39,0,7
723,5,26,0,6
724,8,41,0,7
725,51,227,0,10
726,13,71,0,11
727,35,141,1,5
728,10,48,1,7
729,12,64,0,8
730,5,18,0,5
731,13,102,4,12
732,9,42,0,6
733,20,81,0,6
734,28,138,0,10
735,20,104,0,11
736,7,30,0,7
737,9,52,0,10
738,26,150,15,10
739,6,26,0,4
740,32,150,0,8
741,9,39,0,5
742,12,63,0,6
743,39,182,2,8
744,8,35,0,5
745,9,48,0,7
746,8,41,3,5
747,23,111,0,8
748,22,133,19,11
749,22,102,0,7
750,9,43,0,6
751,18,103,2,9
752,9,66,0,12
753,6,28,0,7
754,7,32,0,7
755,16,83,0,9
756,5,24,0,5
757,12,60,0,6
758,21,134,0,9
759,6,34,0,11
760,21,96,0,7
761,14,97,16,13
762,28,136,0,8
763,17,162,33,27
764,32,152,0,7
765,14,74,0,7
766,23,152,25,22
767,20,104,1,8
768,5,23,0,5
769,11,52,0,7
770,26,138,0,10
771,10,59,0,8
772,17,90,1,8
773,18,82,0,9
774,12,58,0,7
775,4,27,0,8
776,6,33,0,7
777,31,146,0,7
778,27,121,0,8
779,27,144,0,9
780,5,24,0,5
781,17,137,9,9
782,16,95,2,7
783,1,9,0,7
784,13,100,11,12
785,12,66,1,9
786,16,72,0,8
787,24,118,0,10
788,24,130,3,9
789,22,159,30,12
790,7,29,0,4
791,30,151,0,9
792,6,32,1,7
793,14,73,0,9
794,14,71,0,7
795,17,95,0,11
796,9,49,0,7
797,28,161,13,9
798,17,97,0,12
799,9,32,1,5
800,9,42,0,7
801,25,155,18,8
802,18,72,0,6
803,29,163,19,8
804,23,144,29,11
805,6,26,1,6
806,6,23,1,4
807,11,49,0,6
808,6,34,0,6
809,11,45,0,6
810,14,48,0,5
811,5,27,0,7
812,23,113,0,8
813,22,151,19,20
814,5,20,0,6
815,22,134,6,15
816,9,49,0,8
817,25,108,0,5
818,7,39,0,8
819,5,28,0,10
820,24,128,2,8
821,24,132,0,10
822,6,24,0,4
823,22,157,18,13
824,28,162,20,11
825,5,26,0,7
826,6,43,0,6
827,5,28,0,6
828,5,23,0,4
829,18,99,0,7
830,14,90,0,9
831,25,148,25,11
832,29,131,2,7
833,30,153,5,12
834,44,216,0,9
835,4,27,0,6
836,10,67,0,10
837,25,150,17,11
838,78,373,0,13
839,26,156,14,11
840,27,163,25,11
841,20,83,2,10
842,15,74,0,13
843,13,77,0,14
844,22,154,27,13
845,6,25,0,5
846,45,232,0,9
847,19,88,0,7
848,16,73,0,6
849,22,106,0,7
850,26,161,24,11
851,10,55,1,7
852,12,59,0,7
853,12,55,0,8
854,21,117,1,9
855,21,89,0,8
856,27,145,5,8
857,6,30,0,5
858,28,137,0,8
859,5,24,0,6
860,8,40,0,8
861,8,36,0,5
862,5,25,0,7
863,21,96,0,11
864,18,74,0,5
865,8,46,0,9
866,27,162,15,15
867,31,160,0,9
868,18,150,34,11
869,28,135,0,9
870,29,155,14,8
871,20,93,0,13
872,15,103,0,10
873,9,32,0,4
874,18,78,0,9
875,22,140,0,11
876,27,159,28,11
877,9,45,0,9
878,27,138,8,9
879,25,133,12,11
880,26,144,14,11
881,21,128,0,10
882,58,277,1,9
883,16,79,0,8
884,6,28,0,6
885,16,80,0,11
886,4,25,0,6
887,14,53,0,4
888,16,69,0,6
889,3,25,0,12
890,9,45,0,7
891,5,25,0,8
892,10,56,0,8
893,9,63,0,7
894,27,105,1,6
895,18,88,0,8
896,26,149,0,11
897,10,50,0,8
898,35,155,0,10
899,11,57,0,8
900,26,159,18,9
901,22,127,0,11
902,9,44,0,8
903,17,78,0,7
904,10,50,0,7
905,15,85,0,7
906,10,50,0,7
907,25,163,5,13
908,17,80,0,8
909,6,32,0,6
910,25,156,28,11
911,35,147,0,5
912,6,24,0,5
913,36,161,0,8
914,12,63,0,7
915,9,40,0,7
916,15,68,0,7
917,13,74,0,9
918,27,149,0,8
919,18,89,0,10
920,9,38,0,4
921,6,24,0,4
922,13,57,0,6
923,10,54,0,10
924,14,74,0,7
925,14,81,0,12
926,9,45,0,6
927,22,93,1,9
928,8,36,0,7
929,6,24,0,4
930,24,141,17,8
931,24,107,1,11
932,21,104,0,15
933,7,35,0,9
934,17,78,0,6
935,23,160,24,13
936,5,27,0,5
937,8,48,0,7
938,6,25,0,7
939,21,150,28,13
940,26,134,0,9
941,26,127,0,7
942,14,79,0,9
943,25,133,3,9
944,25,117,0,8
945,43,222,0,11
946,12,60,0,6
947,24,138,28,11
948,29,144,0,7
949,6,25,0,6
950,9,39,0,4
951,8,43,0,8
952,5,25,0,5
953,26,158,0,9
954,10,48,0,8
955,7,42,0,7
956,26,123,2,5
957,26,127,0,8
958,4,27,0,10
959,25,115,0,7
960,1,8,0,5
961,9,35,0,4
962,26,158,18,11
963,16,93,0,9
964,17,91,0,10
965,5,23,0,4
966,19,86,0,6
967,13,64,0,5
968,51,221,0,9
969,8,42,0,8
970,13,61,4,6
971,19,89,1,7
972,6,32,0,7
973,9,38,0,6
974,5,29,0,7
975,5,25,0,7
976,27,119,1,7
977,6,23,0,5
978,43,211,0,8
979,10,51,0,6
980,8,50,0,9
981,17,88,0,9
982,12,62,0,8
983,20,142,13,11
984,12,55,0,6
985,6,29,0,7
986,11,50,0,7
987,12,54,0,6
988,28,146,0,8
989,34,163,23,8
990,13,54,0,5
991,3,13,2,4
992,30,143,2,8
993,16,74,0,7
994,25,130,0,7
995,9,34,0,6
996,9,48,0,9
997,18,73,0,7
998,31,149,0,8
999,28,108,1,4
1000,8,42,0,6
1001,5,24,0,5
1002,23,150,22,14
1003,19,105,0,9
1004,9,46,0,8
1005,5,27,0,8
1006,9,38,0,5
1007,18,151,13,14
1008,33,133,3,6
1009,8,64,0,14
1010,22,109,0,11
1011,21,94,0,8
1012,9,44,0,5
1013,10,47,0,5
1014,12,57,0,7
1015,7,38,0,6
1016,23,125,0,10
1017,29,159,19,8
1018,9,39,0,5
1019,10,54,0,8
1020,7,32,0,5
1021,41,225,0,11
1022,25,157,22,22
1023,5,25,0,7
1024,6,25,0,5
1025,9,53,0,8
1026,11,49,0,9
1027,7,29,0,6
1028,9,44,0,6
1029,12,50,0,6
1030,7,27,0,4
1031,10,59,0,7
1032,3,18,0,5
1033,6,27,1,5
1034,30,128,0,9
1035,20,104,3,8
1036,29,158,0,8
1037,6,35,0,10
1038,22,129,0,7
1039,31,156,0,10
1040,10,52,0,7
1041,13,61,0,7
1042,7,31,0,5
1043,8,42,0,8
1044,24,104,1,6
1045,17,102,17,11
1046,4,20,0,5
1047,17,113,2,11
1048,19,105,10,8
1049,18,79,1,7
1050,23,136,11,11
1051,8,42,1,9
1052,11,47,1,6
1053,25,137,0,9
1054,7,47,0,11
1055,32,158,3,7
1056,6,25,0,6
1057,4,18,0,5
1058,4,21,3,4
1059,19,85,0,8
1060,29,154,15,10
1061,9,64,0,10
1062,31,156,1,8
1063,26,123,0,7
1064,26,144,5,10
1065,12,51,0,5
1066,5,26,1,7
1067,10,45,0,7
1068,14,66,0,8
1069,23,135,17,11
1070,3,22,0,7
1071,10,48,0,7
1072,26,158,18,11
1073,18,91,5,7
1074,25,136,0,8
1075,9,40,0,7
1076,17,84,0,6
1077,7,45,0,8
1078,5,29,0,9
1079,5,25,0,7
1080,11,68,1,8
1081,15,68,0,6
1082,8,34,0,5
1083,4,25,0,7
1084,26,120,0,9
1085,190,911,0,10
1086,36,159,3,8
1087,8,36,0,7
1088,5,25,0,7
1089,23,154,28,11
1090,10,54,0,11
1091,22,148,24,11
1092,15,73,0,7
1093,4,20,0,7
1094,38,189,0,12
1095,14,72,0,7
1096,4,24,0,6
1097,24,143,9,10
1098,34,161,0,9
1099,15,74,0,9
1100,21,107,0,11
1101,18,81,0,8
1102,19,106,0,9
1103,10,44,0,5
1104,13,69,1,6
1105,27,160,2,11
1106,7,33,0,5
1107,30,160,0,9
1108,29,141,0,7
1109,23,102,0,8
1110,6,32,0,5
1111,5,24,0,7
1112,12,59,1,7
1113,8,38,0,5
1114,16,62,0,7
1115,12,61,0,6
1116,10,55,0,11
1117,14,70,0,10
1118,10,71,27,12
1119,16,73,2,7
1120,27,157,22,15
1121,7,41,0,8
1122,26,154,17,11
1123,8,37,0,6
1124,6,36,0,8
1125,6,35,1,6
1126,29,157,15,9
1127,16,80,0,8
1128,24,122,0,9
1129,20,106,12,9
1130,11,65,0,12
1131,6,26,0,4
1132,5,23,0,5
1133,6,36,0,8
1134,30,157,1,9
1135,13,59,1,7
1136,8,32,0,8
1137,20,121,12,11
1138,5,25,0,4
1139,3,18,0,7
1140,25,153,0,10
1141,8,42,0,9
1142,34,159,16,8
1143,17,81,0,8
1144,19,86,0,9
1145,23,116,1,6
1146,16,116,16,11
1147,4,26,0,4
1148,11,46,0,7
1149,15,71,0,7
1150,6,23,0,4
1151,9,44,0,4
1152,5,23,0,5
1153,5,23,0,6
1154,27,141,17,7
1155,15,73,0,9
1156,19,92,0,12
1157,14,71,0,9
1158,28,141,0,10
1159,5,32,0,6
1160,8,53,4,6
1161,8,41,0,9
1162,6,24,0,5
1163,30,156,25,17
1164,25,146,0,9
1165,9,55,0,12
1166,11,44,0,5
1167,7,31,0,6
1168,9,40,0,7
1169,15,72,0,9
1170,32,147,1,8
1171,14,74,0,8
1172,32,160,8,8
1173,4,24,0,6
1174,7,27,0,4
1175,11,60,1,6
1176,33,151,2,8
1177,36,168,2,9
1178,7,27,0,4
1179,14,67,0,7
1180,8,36,0,5
1181,5,27,0,9
1182,5,27,0,7
1183,11,50,0,8
1184,9,39,0,5
1185,8,37,0,6
1186,4,19,0,8
1187,9,49,0,11
1188,17,69,0,6
1189,12,74,0,7
1190,12,50,0,6
1191,3,14,0,4
1192,14,64,0,8
1193,28,134,0,8
1194,29,156,18,10
1195,3,14,0,2
1196,6,50,12,11
1197,15,75,0,6
1198,10,49,0,5
1199,34,139,1,9
1200,28,165,0,11
1201,7,41,0,9
1202,5,21,0,6
1203,12,62,1,9
1204,11,62,0,13
1205,28,148,19,12
1206,25,131,0,11
1207,29,149,10,10
1208,9,38,0,6
1209,6,32,0,7
1210,6,28,0,5
1211,9,42,1,7
1212,12,50,0,5
1213,11,53,0,7
1214,25,125,0,10
1215,15,64,0,6
1216,16,86,0,9
1217,6,51,12,11
1218,15,71,0,8
1219,12,56,0,8
1220,25,120,1,8
1221,27,144,14,7
1222,4,23,0,7
1223,9,44,0,7
1224,8,47,0,8
1225,23,147,20,13
1226,14,76,1,7
1227,26,160,15,15
1228,9,44,0,10
1229,21,124,21,11
1230,8,32,0,5
1231,16,77,0,9
1232,11,52,0,6
1233,5,28,1,7
1234,8,35,0,6
1235,23,128,3,7
1236,17,137,9,9
1237,5,25,0,7
1238,9,34,0,5
1239,11,64,0,13
1240,19,97,0,9
1241,13,54,1,5
1242,11,60,0,8
1243,10,53,0,7
1244,10,46,0,7
1245,7,35,1,6
1246,10,54,0,8
1247,22,112,2,9
1248,13,61,0,8
1249,31,153,4,9
1250,12,56,0,7
1251,15,85,0,9
1252,12,82,11,11
1253,20,88,0,7
1254,17,85,0,10
1255,5,27,0,6
1256,12,59,0,7
1257,11,47,0,6
1258,10,44,0,5
1259,6,25,0,7
1260,18,98,0,9
1261,15,71,0,8
1262,36,180,0,9
1263,19,121,27,11
1264,10,55,0,8
1265,7,27,0,4
1266,23,157,1,13
1267,25,126,2,11
1268,8,49,0,9
1269,26,148,20,28
1270,8,41,0,7
1271,19,82,0,7
1272,26,117,0,9
1273,1,6,0,2
1274,12,67,5,8
1275,19,82,0,7
1276,5,21,1,6
1277,3,14,0,3
1278,8,38,0,6
1279,14,67,3,7
1280,13,70,2,7
1281,13,56,0,5
1282,10,46,0,8
1283,30,160,0,9
1284,5,26,0,7
1285,8,29,0,7
1286,7,41,0,9
1287,31,157,0,7
1288,31,139,0,7
1289,6,25,0,5
1290,12,71,8,7
1291,13,63,2,4
1292,16,87,0,11
1293,35,175,0,11
1294,8,49,0,8
1295,10,49,0,9
1296,6,26,0,4
1297,10,55,0,11
1298,10,39,1,5
1299,10,47,0,6
1300,13,65,0,8
1301,23,134,0,11
1302,9,37,0,5
1303,30,133,3,10
1304,11,52,0,7
1305,9,49,0,11
1306,10,63,0,11
1307,24,164,15,11
1308,26,156,6,9
1309,11,49,0,7
1310,8,40,0,7
1311,25,104,0,6
1312,20,84,0,9
1313,18,85,1,10
1314,8,40,0,6
1315,26,123,1,8
1316,31,155,2,7
1317,7,37,0,7
1318,24,141,2,9
1319,1,6,0,2
1320,6,31,0,7
1321,11,58,0,8
1322,10,55,0,7
1323,7,35,0,7
1324,17,86,4,10
1325,29,140,1,8
1326,8,36,0,7
1327,6,32,0,8
1328,23,127,11,8
1329,10,49,1,8
1330,21,95,0,9
1331,7,28,0,5
1332,6,29,0,7
1333,9,42,0,5
1334,8,43,0,5
1335,32,151,0,6
1336,30,163,0,9
1337,19,83,1,8
1338,10,46,0,6
1339,12,57,0,6
1340,7,42,0,10
1341,5,24,0,5
1342,22,113,1,9
1343,8,39,0,9
1344,37,161,0,8
1345,4,33,0,14
1346,9,48,0,9
1347,19,83,0,8
1348,5,26,0,6
1349,9,52,0,7
1350,29,156,21,13
1351,4,23,0,5
1352,6,31,0,6
1353,26,122,1,7
1354,9,54,0,9
1355,16,85,1,8
1356,5,25,0,7
1357,16,82,0,8
1358,30,153,0,9
1359,27,132,1,10
1360,65,328,1,10
1361,10,50,0,8
1362,12,66,1,9
1363,6,30,0,5
1364,43,208,0,9
1365,25,115,0,8
1366,17,102,23,11
1367,10,50,2,7
1368,22,109,0,7
1369,8,37,0,7
1370,6,33,0,7
1371,10,51,0,7
1372,19,81,0,9
1373,22,142,5,11
1374,24,152,25,11
1375,22,155,31,12
1376,5,24,0,7
1377,8,41,0,6
1378,22,160,17,11
1379,5,26,0,7
1380,27,144,14,7
1381,7,23,0,3
1382,29,154,0,9
1383,18,73,0,7
1384,34,204,0,12
1385,68,325,1,9
1386,25,116,0,9
1387,6,28,1,5
1388,27,140,1,9
1389,11,47,0,7
1390,24,116,1,6
1391,32,156,0,9
1392,6,36,0,7
1393,16,83,1,7
1394,2,8,0,2
1395,6,37,1,7
1396,14,74,0,9
1397,5,25,0,5
1398,10,50,2,4
1399,10,49,0,8
1400,29,156,0,10
1401,18,94,0,7
1402,19,100,0,7
1403,29,156,0,10
1404,8,49,0,10
1405,7,43,0,8
1406,5,25,0,7
1407,28,164,2,11
1408,8,31,0,5
1409,9,45,0,11
1410,5,25,0,6
1411,6,35,0,8
1412,25,145,0,9
1413,34,180,0,9
1414,26,144,16,9
1415,11,53,0,9
1416,17,83,0,10
1417,8,40,0,6
1418,18,81,0,6
1419,9,36,0,4
1420,14,81,0,7
1421,8,42,0,9
1422,6,28,0,4
1423,23,153,19,16
1424,6,33,0,7
1425,6,34,0,7
1426,10,42,0,7
1427,1,6,0,2
1428,25,127,1,8
1429,33,167,0,11
1430,11,72,0,9
1431,32,142,0,8
1432,22,123,0,10
1433,7,39,0,7
1434,13,64,0,8
1435,10,48,0,7
1436,4,23,0,5
1437,24,116,0,8
1438,15,72,1,6
1439,7,35,0,7
1440,16,73,0,6
1441,20,133,0,11
1442,4,27,0,10
1443,10,39,0,4
1444,24,142,25,11
1445,3,26,0,11
1446,6,28,0,8
1447,33,160,3,9
1448,22,108,0,9
1449,26,143,10,10
1450,2,14,1,7
1451,5,26,0,6
1452,12,66,0,9
1453,7,34,0,7
1454,4,24,0,8
1455,11,54,0,6
1456,28,160,12,15
1457,20,105,0,8
1458,25,155,19,28
1459,33,150,1,8
1460,13,82,1,8
1461,28,145,0,8
1462,10,52,0,6
1463,24,154,35,11
1464,24,115,0,7
1465,30,132,1,8
1466,28,160,27,11
1467,28,175,0,12
1468,8,43,0,10
1469,27,162,18,27
1470,29,152,8,11
1471,7,38,0,6
1472,11,62,0,9
1473,16,75,0,7
1474,23,94,0,6
1475,31,142,0,10
1476,18,86,0,7
1477,19,79,2,8
1478,7,34,0,7
1479,19,91,0,6
1480,31,148,1,13
1481,6,34,0,6
1482,7,33,0,10
1483,1,6,0,2
1484,25,150,0,10
1485,5,23,0,5
1486,32,133,0,6
1487,33,155,0,7
1488,6,32,0,7
1489,9,52,0,11
1490,4,19,0,7
1491,34,173,0,9
1492,22,131,13,8
1493,15,77,0,10
1494,17,79,0,5
1495,22,113,0,10
1496,12,59,0,7
1497,37,159,0,9
1498,14,61,0,7
1499,30,155,0,9
1500,29,155,2,10
1501,6,35,0,7
1502,21,123,23,11
1503,6,27,0,5
1504,7,32,0,5
1505,7,27,0,6
1506,10,65,0,9
1507,24,122,0,7
1508,34,180,0,9
1509,9,57,0,9
1510,33,149,0,7
1511,18,91,0,7
1512,23,111,0,7
1513,91,459,0,10
1514,6,37,0,7
1515,5,29,0,8
1516,8,34,0,6
1517,11,52,0,5
1518,28,158,0,7
1519,10,46,0,7
1520,7,38,0,7
1521,28,160,23,8
1522,8,40,0,6
1523,21,97,2,7
1524,3,16,0,5
1525,6,30,0,8
1526,7,33,0,4
1527,33,153,0,6
1528,4,30,0,9
1529,7,37,0,7
1530,10,55,0,9
1531,5,30,0,7
1532,12,48,0,4
1533,39,173,0,13
1534,6,33,0,8
1535,4,23,0,8
1536,29,151,16,8
1537,19,92,0,9
1538,9,54,0,9
1539,4,25,0,8
1540,27,122,0,7
1541,8,37,0,9
1542,40,213,0,10
1543,4,26,0,10
1544,28,157,5,8
1545,10,60,0,9
1546,29,156,0,9
1547,6,38,0,7
1548,18,80,0,6
1549,6,25,0,5
1550,11,51,0,6
1551,16,76,0,10
1552,10,42,0,6
1553,2,9,0,3
1554,8,37,0,6
1555,8,32,0,5
1556,14,74,2,6
1557,25,128,0,9
1558,4,15,0,5
1559,22,98,0,8
1560,22,124,1,8
1561,19,93,0,9
1562,12,64,1,7
1563,12,59,0,7
1564,9,47,0,9
1565,4,27,1,9
1566,32,144,1,7
1567,8,30,0,5
1568,5,32,0,8
1569,25,157,3,9
1570,8,38,0,5
1571,12,64,0,9
1572,5,34,0,9
1573,24,146,28,11
1574,25,150,17,8
1575,25,105,1,9
1576,11,59,0,6
1577,15,63,0,8
1578,41,185,0,8
1579,87,612,4,12
1580,12,62,0,8
1581,14,63,0,5
1582,11,65,0,12
1583,10,48,1,6
1584,21,93,0,6
1585,5,23,0,5
1586,70,339,1,9
1587,15,87,0,8
1588,32,160,0,8
1589,7,31,1,7
1590,25,106,0,7
1591,24,149,1,7
1592,5,31,0,9
1593,10,53,0,8
1594,17,137,29,11
1595,28,153,0,10
1596,8,44,0,7
1597,27,147,9,10
1598,21,145,24,11
1599,7,36,0,5
1600,10,48,0,8
1601,5,26,0,7
1602,29,128,0,6
1603,4,26,0,7
1604,27,144,2,12
1605,20,129,1,17
1606,5,25,0,6
1607,9,44,0,5
1608,21,100,4,8
1609,31,153,0,8
1610,7,38,0,8
1611,8,33,0,8
1612,0,4,3,3
1613,25,154,13,12
1614,6,29,1,5
1615,11,56,0,9
1616,8,29,0,4
1617,26,122,0,9
1618,6,30,0,8
1619,21,116,1,10
1620,9,40,0,7
1621,32,155,0,6
1622,24,149,0,9
1623,25,133,12,11
1624,8,45,0,8
1625,13,72,8,7
1626,34,157,0,7
1627,6,26,0,4
1628,22,148,23,11
1629,8,42,0,8
1630,17,84,0,7
1631,11,46,2,5
1632,15,74,1,8
1633,29,159,0,9
1634,9,48,0,9
1635,24,162,19,15
1636,31,160,0,8
1637,38,166,0,9
1638,30,156,1,11
1639,6,38,0,8
1640,30,161,26,11
1641,9,42,0,7
1642,35,137,0,7
1643,4,25,0,8
1644,7,36,0,6
1645,5,26,0,5
1646,8,32,1,5
1647,7,37,0,7
1648,26,133,0,8
1649,27,157,0,13
1650,7,31,0,6
1651,29,119,0,8
1652,17,83,0,7
1653,23,124,23,11
1654,34,148,0,7
1655,14,74,0,7
1656,6,23,1,4
1657,20,91,0,7
1658,12,62,0,11
1659,21,149,35,16
1660,6,29,0,5
1661,10,43,0,6
1662,15,76,0,7
1663,23,161,19,27
1664,6,28,0,6
1665,4,15,0,3
1666,28,130,0,10
1667,14,74,0,9
1668,20,89,0,9
1669,6,28,0,4
1670,24,148,0,11
1671,2,12,1,4
1672,5,24,0,5
1673,27,159,18,11
1674,13,74,6,8
1675,6,26,0,5
1676,24,145,0,8
1677,13,52,1,4
1678,9,41,0,5
1679,30,157,0,8
1680,23,123,0,9
1681,4,19,0,4
1682,2,7,0,3
1683,30,127,1,8
1684,9,47,0,9
1685,7,31,1,5
1686,6,36,0,7
1687,27,175,21,11
1688,18,115,18,11
1689,5,33,0,9
1690,5,24,0,6
1691,26,127,8,8
1692,11,43,0,6
1693,18,100,0,10
1694,20,97,1,8
1695,16,75,0,5
1696,12,73,0,11
1697,17,77,0,6
1698,12,61,0,6
1699,26,149,5,10
1700,1,6,0,2
1701,6,32,0,6
1702,16,78,0,6
1703,7,34,2,5
1704,5,26,0,5
1705,21,127,0,10
1706,17,72,0,10
1707,16,76,0,8
1708,12,69,0,10
1709,29,145,0,11
1710,14,60,0,5
1711,11,61,0,8
1712,11,50,0,8
1713,14,67,0,7
1714,23,146,22,14
1715,7,25,0,4
1716,13,59,0,10
1717,20,108,1,8
1718,24,139,10,11
1719,9,54,0,10
1720,16,74,0,7
1721,33,150,1,8
1722,25,145,0,12
1723,11,64,0,8
1724,31,160,8,10
1725,7,40,1,5
1726,14,68,0,7
1727,27,130,2,7
1728,5,25,0,7
1729,21,137,1,11
1730,8,35,0,5
1731,5,28,0,7
1732,11,56,0,11
1733,5,28,0,7
1734,36,225,23,11
1735,10,40,0,5
1736,7,37,0,7
1737,5,24,0,8
1738,11,52,0,7
1739,7,35,0,5
1740,6,35,0,8
1741,24,160,29,12
1742,15,75,0,7
1743,29,145,1,13
1744,8,33,0,4
1745,24,156,18,15
1746,33,161,1,10
1747,20,87,0,7
1748,7,33,0,6
1749,29,167,0,8
1750,6,23,0,4
1751,5,27,0,6
1752,16,93,1,9
1753,7,38,0,6
1754,11,47,0,5
1755,13,63,0,8
1756,6,40,0,7
1757,12,51,0,7
1758,8,36,0,4
1759,5,22,0,5
1760,26,108,1,6
1761,8,39,0,6
1762,37,206,0,9
1763,23,159,0,10
1764,15,68,0,6
1765,23,144,23,11
1766,21,122,6,10
1767,31,163,16,8
1768,7,27,0,4
1769,14,69,0,9
1770,27,124,2,7
1771,11,62,0,8
1772,7,34,0,8
1773,32,157,0,9
1774,9,42,0,8
1775,9,51,1,9
1776,9,42,0,8
1777,4,34,11,9
1778,26,155,5,8
1779,29,152,8,11
1780,26,165,19,10
1781,24,155,25,11
1782,5,23,0,5
1783,10,54,0,8
1784,13,63,0,8
1785,32,160,0,8
1786,9,35,0,7
1787,29,152,0,7
1788,6,27,0,4
1789,7,28,0,7
1790,13,53,0,6
1791,22,101,0,10
1792,36,165,3,11
1793,28,133,5,8
1794,8,40,0,8
1795,7,33,0,7
1796,33,159,0,9
1797,26,121,0,9
1798,8,43,0,9
1799,10,47,0,5
1800,11,45,0,4
1801,22,124,0,11
1802,6,25,0,5
1803,6,30,0,6
1804,9,35,0,5
1805,6,30,0,6
1806,10,48,0,5
1807,24,157,21,11
1808,11,48,0,6
1809,24,116,0,6
1810,9,38,0,9
1811,12,65,0,5
1812,19,84,1,7
1813,23,123,3,7
1814,5,25,0,8
1815,23,90,0,4
1816,11,68,1,10
1817,9,45,0,5
1818,8,34,1,5
1819,6,29,0,6
1820,9,38,0,5
1821,15,77,0,9
1822,37,151,0,8
1823,10,46,0,8
1824,18,85,0,7
1825,6,25,0,5
1826,26,120,0,9
1827,66,333,0,9
1828,15,81,0,8
1829,6,25,0,5
1830,26,152,13,12
1831,8,35,0,6
1832,13,66,0,6
1833,6,28,0,6
1834,5,25,0,6
1835,11,54,0,9
1836,5,29,0,9
1837,5,23,0,5
1838,5,24,0,7
1839,27,162,24,11
1840,39,192,3,8
1841,17,76,0,7
1842,6,24,0,6
1843,4,28,0,10
1844,6,38,0,11
1845,9,41,0,6
1846,18,94,0,7
1847,23,108,0,7
1848,25,159,24,11
1849,10,53,0,10
1850,15,72,2,5
1851,11,55,0,6
1852,9,52,7,5
1853,28,155,19,11
1854,20,99,0,8
1855,18,90,0,6
1856,10,51,0,9
1857,34,164,0,8
1858,27,136,0,10
1859,7,33,0,7
1860,10,42,0,6
1861,12,59,0,9
1862,10,51,0,9
1863,173,791,0,10
1864,9,35,0,5
1865,9,36,0,4
1866,18,101,0,11
1867,12,47,0,5
1868,33,184,0,10
1869,17,72,0,6
1870,7,31,0,5
1871,9,35,0,5
1872,16,76,1,8
1873,13,56,0,6
1874,21,118,8,14
1875,19,85,0,6
1876,26,156,12,10
1877,7,34,0,8
1878,23,98,0,7
1879,8,34,0,7
1880,25,133,12,11
1881,13,65,1,7
1882,4,24,0,9
1883,8,33,0,5
1884,21,129,0,13
1885,9,46,0,5
1886,14,63,0,6
1887,27,156,20,11
1888,21,154,24,13
1889,19,86,0,6
1890,8,33,1,7
1891,18,90,0,9
1892,13,64,0,8
1893,25,164,29,13
1894,6,29,0,7
1895,32,157,7,9
1896,10,42,0,5
1897,24,111,1,8
1898,11,54,0,6
1899,6,32,1,8
1900,5,28,0,7
1901,15,80,0,9
1902,5,23,0,5
1903,8,41,0,6
1904,28,144,19,11
1905,10,60,0,9
1906,13,55,0,6
1907,16,85,0,8
1908,4,16,0,4
1909,26,107,0,9
1910,7,31,0,5
1911,24,109,0,7
1912,16,93,1,12
1913,19,88,0,11
1914,4,17,0,4
1915,25,159,22,12
1916,12,52,0,5
1917,11,51,0,6
1918,14,64,0,9
1919,6,35,0,8
1920,40,161,2,7
1921,6,30,0,5
1922,9,42,0,7
1923,18,69,2,4
1924,17,92,1,11
1925,1,3,0,2
1926,13,67,0,12
1927,28,136,0,9
1928,6,31,0,6
1929,20,146,28,11
1930,24,143,25,11
1931,7,36,0,10
1932,8,36,0,4
1933,4,26,0,8
1934,5,24,0,10
1935,7,33,0,6
1936,15,77,0,9
1937,11,65,0,8
1938,28,134,0,10
1939,10,56,0,9
1940,26,161,19,11
1941,25,125,1,8
1942,23,163,26,11
1943,10,47,0,6
1944,26,121,1,6
1945,17,73,0,7
1946,14,58,4,5
1947,12,55,0,8
1948,10,50,0,7
1949,11,52,0,7
1950,6,30,1,5
1951,8,38,0,7
1952,12,68,0,6
1953,10,42,1,4
1954,14,93,0,7
1955,6,31,0,5
1956,16,69,0,9
1957,10,47,0,6
1958,18,88,1,9
1959,18,96,0,8
1960,4,24,0,7
1961,25,157,22,22
1962,6,35,0,7
1963,10,75,14,8
1964,11,60,0,10
1965,32,159,0,8
1966,14,74,0,6
1967,16,77,0,9
1968,15,66,0,7
1969,12,59,1,6
1970,21,134,26,11
1971,4,15,0,3
1972,5,28,0,5
1973,33,144,0,8
1974,11,54,0,8
1975,11,53,0,6
1976,5,32,0,7
1977,8,40,0,7
1978,19,105,12,7
1979,21,84,0,5
1980,6,35,0,8
1981,5,23,0,5
1982,17,90,0,7
1983,15,62,0,6
1984,33,151,0,8
1985,20,154,24,13
1986,29,124,1,8
1987,5,25,0,6
1988,5,33,0,8
1989,5,23,0,5
1990,11,50,0,7
1991,24,109,0,8
1992,26,120,0,10
1993,20,130,20,15
1994,9,35,0,4
1995,6,39,0,10
1996,6,27,0,6
1997,8,33,0,6
1998,26,153,6,11
1999,23,118,0,5
2000,10,46,0,6
2001,13,56,2,5
2002,7,39,0,9
2003,29,144,0,9
2004,15,81,0,7
2005,10,55,0,11
2006,12,63,0,9
2007,8,53,1,8
2008,16,82,2,11
2009,6,37,0,10
2010,95,432,0,10
2011,14,63,0,5
2012,71,376,1,14
2013,25,159,0,11
2014,19,121,19,11
2015,9,53,0,7
2016,32,139,2,6
2017,7,43,0,8
2018,14,64,0,6
2019,6,23,0,5
2020,6,39,2,8
2021,9,51,1,8
2022,19,84,0,7
2023,25,159,14,23
2024,17,85,0,9
2025,8,40,0,6
2026,14,77,0,9
2027,12,54,0,7
2028,20,95,3,10
2029,8,39,1,7
2030,7,39,0,8
2031,18,76,0,9
2032,14,63,0,5
2033,13,60,0,6
2034,7,24,0,5
2035,6,38,0,10
2036,7,46,0,8
2037,10,52,0,8
2038,5,25,0,6
2039,10,44,0,6
2040,25,124,1,9
2041,8,44,0,6
2042,7,37,0,8
2043,9,47,1,9
2044,22,156,16,13
2045,9,36,0,4
2046,10,60,0,9
2047,8,33,0,5
2048,12,51,0,5
2049,7,28,0,4
2050,7,41,1,10
2051,8,38,0,7
2052,19,85,1,7
2053,27,153,21,11
2054,27,126,4,8
2055,12,46,0,6
2056,7,33,0,7
2057,10,53,0,7
2058,8,40,0,7
2059,8,33,0,9
2060,12,53,0,6
2061,8,41,0,10
2062,20,97,0,6
2063,5,32,0,8
2064,25,160,28,11
2065,71,277,0,8
2066,10,52,0,9
2067,5,27,0,6
2068,8,37,0,10
2069,19,100,0,8
2070,24,163,19,15
2071,34,150,4,8
2072,8,45,0,9
2073,4,24,0,10
2074,28,162,23,10
2075,12,64,0,8
2076,11,61,0,9
2077,9,42,0,5
2078,28,134,4,9
2079,4,31,5,8
2080,7,28,0,4
2081,9,43,0,7
2082,9,41,0,9
2083,4,18,0,5
2084,15,82,0,8
2085,8,39,0,8
2086,11,49,0,5
2087,8,36,0,4
2088,27,140,2,11
2089,29,157,16,8
2090,84,364,0,12
2091,8,41,0,6
2092,10,48,0,8
2093,33,155,0,8
2094,26,162,18,8
2095,15,145,34,11
2096,6,32,0,8
2097,3,12,0,4
2098,10,45,0,6
2099,15,89,2,8
2100,24,160,16,11
2101,8,48,0,9
2102,14,65,3,7
2103,3,25,0,11
2104,18,96,0,9
2105,27,135,0,9
2106,6,24,0,5
2107,7,33,0,5
2108,36,176,0,7
2109,29,156,21,13
2110,8,39,0,4
2111,7,36,0,8
2112,30,148,2,7
2113,29,160,23,14
2114,12,52,0,8
2115,28,162,3,8
2116,22,108,0,9
2117,9,39,0,5
2118,11,61,0,8
2119,25,161,14,23
2120,10,38,0,5
2121,30,158,1,8
2122,35,186,0,10
2123,6,29,0,6
2124,25,171,41,15
2125,26,158,0,9
2126,14,80,0,8
2127,8,41,0,8
2128,22,114,0,8
2129,8,31,0,5
2130,9,43,0,5
2131,9,42,0,5
2132,19,114,0,15
2133,24,138,17,11
2134,78,383,0,10
2135,17,88,0,9
2136,10,50,0,6
2137,6,28,0,4
2138,6,29,0,6
2139,6,27,0,6
2140,11,50,0,10
2141,9,40,0,5
2142,7,39,0,8
2143,5,32,0,12
2144,34,163,1,8
2145,27,155,17,19
2146,28,162,3,8
2147,5,26,0,7
2148,32,155,4,7
2149,6,23,0,4
2150,6,35,0,6
2151,10,46,0,8
2152,15,71,0,6
2153,14,78,0,9
2154,8,33,0,5
2155,11,51,1,7
2156,6,31,0,5
2157,23,115,0,6
2158,117,589,2,10
2159,21,115,0,9
2160,26,148,20,8
2161,21,115,1,14
2162,9,51,0,8
2163,22,142,5,11
2164,35,159,0,7
2165,10,57,0,9
2166,6,30,1,6
2167,9,40,0,5
2168,6,33,0,10
2169,9,38,0,6
2170,27,159,28,11
2171,26,162,4,10
2172,8,30,0,4
2173,8,49,0,8
2174,12,60,0,7
2175,6,30,0,7
2176,6,25,0,6
2177,6,32,0,6
2178,9,38,0,5
2179,41,194,0,10
2180,8,46,0,10
2181,32,155,0,10
2182,1,4,0,2
2183,9,33,0,5
2184,23,132,0,9
2185,14,53,0,6
2186,24,143,0,10
2187,20,105,0,8
2188,10,44,0,6
2189,24,153,20,11
2190,16,74,2,7
2191,23,106,5,7
2192,10,55,0,10
2193,20,109,1,8
2194,18,78,0,7
2195,9,43,0,7
2196,23,131,0,11
2197,8,43,0,6
2198,6,23,0,5
2199,8,31,1,5
2200,8,39,0,7
2201,10,55,0,6
2202,10,55,1,8
2203,12,67,0,10
2204,13,66,0,8
2205,18,94,0,8
2206,29,133,0,7
2207,26,160,30,11
2208,21,113,0,8
2209,23,162,26,11
2210,4,23,0,5
2211,14,69,0,7
2212,26,120,1,8
2213,12,59,0,7
2214,11,61,1,11
2215,14,55,0,5
2216,10,46,0,6
2217,15,67,1,8
2218,13,68,0,7
2219,16,78,0,7
2220,26,157,24,14
2221,14,77,0,8
2222,15,78,0,7
2223,35,176,0,9
2224,25,158,17,11
2225,15,78,0,6
2226,22,103,0,8
2227,9,40,0,6
2228,8,33,0,5
2229,5,31,0,10
2230,20,109,0,7
2231,31,142,0,9
2232,28,131,1,7
2233,11,59,0,9
2234,6,29,0,7
2235,17,78,0,8
2236,31,164,3,12
2237,18,89,0,9
2238,26,128,0,9
2239,23,111,0,7
2240,11,52,0,5
2241,9,31,0,5
2242,4,26,0,10
2243,20,97,1,7
2244,15,65,0,8
2245,3,24,0,10
2246,16,71,0,7
2247,33,182,1,12
2248,26,161,23,27
2249,6,32,0,7
2250,25,158,17,11
2251,19,114,0,9
2252,23,111,1,7
2253,9,37,0,8
2254,5,29,0,7
2255,5,24,0,8
2256,33,156,1,7
2257,11,55,0,7
2258,8,40,0,7
2259,35,155,0,10
2260,7,37,0,7
2261,27,156,8,12
2262,16,65,1,5
2263,7,37,0,6
2264,29,161,23,11
2265,15,72,0,9
2266,11,52,0,7
2267,21,123,15,9
2268,3,18,0,6
2269,4,34,11,6
2270,6,23,0,5
2271,6,27,0,7
2272,26,145,0,11
2273,14,64,1,7
2274,5,23,0,4
2275,21,90,0,8
2276,9,43,0,6
2277,6,29,0,5
2278,25,136,0,9
2279,11,79,7,6
2280,7,34,0,7
2281,6,28,0,6
2282,11,53,0,7
2283,5,30,0,9
2284,7,34,0,5
2285,4,24,0,6
2286,18,86,0,8
2287,22,102,0,7
2288,26,111,1,6
2289,5,28,0,7
2290,23,160,15,11
2291,13,59,2,5
2292,11,45,0,6
2293,5,27,0,8
2294,17,92,1,9
2295,6,49,12,11
2296,30,126,0,6
2297,26,184,22,11
2298,6,26,0,5
2299,13,70,0,9
2300,25,161,24,11
2301,15,73,0,6
2302,10,49,0,6
2303,8,29,0,4
2304,14,67,0,6
2305,29,128,1,10
2306,13,63,0,10
2307,5,27,0,6
2308,28,148,19,12
2309,31,163,23,12
2310,12,79,2,8
2311,29,152,16,8
2312,27,159,18,15
2313,17,115,1,13
2314,6,24,0,4
2315,18,86,0,7
2316,6,35,0,11
2317,10,42,0,5
2318,27,135,0,6
2319,6,26,0,6
2320,7,31,0,5
2321,10,46,0,6
2322,1,6,0,2
2323,5,24,0,8
2324,18,94,0,8
2325,2,8,0,3
2326,4,25,0,6
2327,25,130,0,7
2328,25,168,28,11
2329,8,46,0,6
2330,13,66,0,7
2331,8,49,0,8
2332,5,19,0,4
2333,5,25,0,6
2334,7,34,0,6
2335,5,26,0,7
2336,12,52,0,7
2337,16,95,0,9
2338,14,70,0,10
2339,6,26,0,7
2340,21,109,0,9
2341,10,52,0,9
2342,14,66,0,7
2343,24,161,16,12
2344,22,142,5,11
2345,1,8,0,4
2346,10,42,2,5
2347,13,68,0,9
2348,6,31,0,9
2349,4,38,0,13
2350,11,48,0,6
2351,9,37,0,5
2352,21,121,12,12
2353,6,30,0,5
2354,12,83,11,11
2355,8,37,0,5
2356,55,282,0,10
2357,5,28,0,6
2358,9,53,0,13
2359,13,67,0,8
2360,27,150,18,15
2361,25,122,0,7
2362,13,57,0,6
2363,20,93,1,7
2364,31,163,8,8
2365,15,67,0,8
2366,9,44,0,10
2367,26,159,21,13
2368,19,128,4,12
2369,9,44,1,6
2370,95,447,4,9
2371,24,103,0,7
2372,15,89,0,13
2373,20,104,1,10
2374,27,159,17,11
2375,5,25,0,5
2376,19,96,3,10
2377,18,75,1,6
2378,22,110,8,8
2379,32,159,0,9
2380,100,483,0,13
2381,14,54,1,5
2382,27,120,0,7
2383,6,32,0,7
2384,4,23,0,7
2385,5,23,0,5
2386,26,162,17,11
2387,6,39,0,8
2388,5,23,0,5
2389,13,90,0,12
2390,14,67,0,7
2391,38,192,0,8
2392,7,28,0,4
2393,14,68,0,7
2394,21,105,0,7
2395,23,97,0,6
2396,8,39,0,4
2397,8,41,0,6
2398,6,26,0,8
2399,5,25,0,7
2400,5,27,0,5
2401,9,40,0,5
2402,33,153,2,10
2403,11,55,0,6
2404,14,74,0,7
2405,17,81,2,7
2406,4,22,0,7
2407,29,149,2,9
2408,72,445,11,11
2409,9,42,0,5
2410,22,100,0,7
2411,6,35,1,5
2412,6,28,0,5
2413,34,159,16,8
2414,24,117,0,9
2415,6,25,0,4
2416,13,76,0,13
2417,10,48,0,8
2418,18,82,0,8
2419,17,116,0,11
2420,24,153,18,11
2421,9,53,0,7
2422,20,84,1,7
2423,10,42,0,5
2424,5,23,0,4
2425,12,47,0,6
2426,11,58,0,6
2427,27,159,23,11
2428,11,46,0,5
2429,15,68,0,7
2430,34,153,2,8
2431,5,27,0,7
2432,19,101,0,9
2433,10,54,0,6
2434,114,630,1,11
2435,46,236,1,12
2436,6,27,0,8
2437,24,115,1,9
2438,23,123,23,11
2439,10,46,1,5
2440,15,79,4,7
2441,12,52,0,6
2442,17,83,0,7
2443,6,29,0,8
2444,14,86,0,11
2445,10,47,0,8
2446,39,184,0,8
2447,5,23,0,5
2448,24,110,0,8
2449,7,29,0,3
2450,5,26,0,7
2451,5,24,0,6
2452,15,75,0,8
2453,12,51,0,6
2454,5,29,0,7
2455,9,45,2,7
2456,18,89,0,8
2457,5,26,0,6
2458,7,30,0,6
2459,11,40,0,4
2460,9,47,0,9
2461,15,65,0,7
2462,2,16,0,8
2463,21,127,0,11
2464,17,106,0,9
2465,11,50,0,7
2466,8,31,0,5
2467,4,24,0,7
2468,17,85,0,6
2469,15,68,0,8
2470,4,15,0,3
2471,13,69,3,7
2472,8,38,0,7
2473,26,162,18,8
2474,6,27,0,6
2475,16,85,0,8
2476,8,30,0,7
2477,7,23,0,3
2478,42,202,0,10
2479,32,138,0,9
2480,22,117,4,10
2481,25,169,26,13
2482,7,34,0,7
2483,20,102,0,7
2484,9,46,0,8
2485,29,125,0,7
2486,18,85,0,9
2487,9,43,0,7
2488,19,79,0,5
2489,15,71,0,9
2490,25,122,1,12
2491,17,82,0,11
2492,5,43,0,9
2493,48,246,0,14
2494,12,67,0,8
2495,29,140,0,8
2496,22,151,24,13
2497,25,168,0,10
2498,12,52,0,6
2499,12,56,1,6
2500,7,32,0,8
2501,7,37,0,8
2502,6,29,0,6
2503,64,307,0,11
2504,42,203,0,10
2505,35,161,0,8
2506,7,37,0,8
2507,4,21,0,7
2508,1,7,0,3
2509,1,6,0,2
2510,31,151,5,8
2511,14,75,0,8
2512,4,20,0,5
2513,30,154,1,10
2514,31,159,17,8
2515,10,46,0,7
2516,11,55,0,8
2517,6,23,0,6
2518,5,23,0,5
2519,15,68,0,6
2520,11,43,0,5
2521,34,180,0,9
2522,5,23,0,5
2523,19,83,1,5
2524,5,23,0,5
2525,20,101,10,8
2526,34,164,0,8
2527,8,47,2,9
2528,33,159,0,8
2529,8,33,0,4
2530,17,72,0,8
2531,7,35,0,8
2532,18,105,0,12
2533,2,10,0,3
2534,19,96,2,6
2535,7,30,0,5
2536,29,156,0,9
2537,6,25,0,4
2538,11,42,0,7
2539,18,107,1,9
2540,5,33,0,8
2541,21,113,2,12
2542,12,48,0,4
2543,6,29,0,6
2544,5,31,0,8
2545,51,290,4,8
2546,17,81,0,8
2547,12,71,0,11
2548,16,102,15,9
2549,25,123,0,8
2550,13,60,0,8
2551,10,59,0,6
2552,6,22,0,5
2553,7,28,0,7
2554,8,36,0,5
2555,7,32,2,5
2556,26,157,19,11
2557,12,67,0,8
2558,15,71,0,9
2559,12,66,0,9
2560,22,96,1,7
2561,6,33,0,7
2562,4,24,0,8
2563,9,37,1,5
2564,12,56,0,8
2565,27,141,1,8
2566,34,145,0,7
2567,8,31,0,4
2568,6,29,0,8
2569,18,84,0,8
2570,6,41,0,10
2571,6,33,2,6
2572,13,62,0,8
2573,24,117,0,10
2574,24,161,21,11
2575,30,154,3,9
2576,7,37,0,6
2577,9,37,1,4
2578,7,38,0,8
2579,10,55,1,8
2580,8,47,0,7
2581,23,135,17,11
2582,12,66,0,11
2583,24,132,13,6
2584,7,38,1,11
2585,10,40,0,8
2586,9,45,0,7
2587,17,83,0,7
2588,6,24,0,5
2589,29,156,0,10
2590,29,154,11,12
2591,33,154,1,9
2592,9,45,0,5
2593,26,118,0,6
2594,11,56,1,6
2595,27,127,0,9
2596,27,138,8,9
2597,25,110,0,6
2598,13,66,0,7
2599,2,17,0,5
2600,10,51,0,6
2601,8,47,0,5
2602,1,5,0,4
2603,8,36,0,6
2604,19,98,4,11
2605,13,58,0,5
2606,29,135,2,7
2607,14,57,1,9
2608,12,63,0,8
2609,5,26,0,5
2610,7,39,0,9
2611,8,47,0,5
2612,30,157,15,12
2613,7,33,0,8
2614,7,50,0,8
2615,53,244,0,11
2616,8,43,2,7
2617,11,42,0,5
2618,11,52,0,7
2619,10,82,7,9
2620,25,174,24,11
2621,2,10,0,4
2622,29,137,0,8
2623,2,10,0,3
2624,5,26,1,6
2625,7,28,0,5
2626,19,108,21,16
2627,8,46,0,8
2628,24,116,0,10
2629,12,66,0,7
2630,34,140,1,7
2631,7,29,0,5
2632,26,155,31,11
2633,7,31,0,7
2634,12,54,0,9
2635,12,60,0,7
2636,8,45,0,7
2637,6,27,0,5
2638,19,86,0,7
2639,5,24,0,7
2640,7,28,0,5
2641,8,48,1,12
2642,25,148,18,11
2643,11,50,0,4
2644,26,127,0,10
2645,7,33,0,7
2646,5,23,0,5
2647,19,108,0,10
2648,10,47,0,7
2649,21,97,0,8
2650,33,158,0,10
2651,10,51,0,7
2652,13,64,0,8
2653,6,30,0,7
2654,19,88,0,7
2655,4,28,0,9
2656,8,34,0,5
2657,6,34,0,6
2658,5,28,0,5
2659,6,27,0,6
2660,1,6,0,2
2661,6,34,0,7
2662,8,35,0,4
2663,29,131,0,7
2664,31,166,23,6
2665,6,30,0,7
2666,8,31,0,7
2667,28,141,0,12
2668,6,35,0,7
2669,31,164,11,9
2670,24,131,11,11
2671,23,118,0,10
2672,11,46,0,4
2673,5,28,0,6
2674,28,154,0,9
2675,9,42,1,11
2676,26,137,0,6
2677,12,57,0,11
2678,13,65,0,7
2679,10,51,1,6
2680,21,137,3,12
2681,72,445,11,11
2682,7,28,0,5
2683,22,107,0,9
2684,14,67,0,7
2685,9,55,1,8
2686,27,159,18,11
2687,18,89,0,7
2688,1,5,0,4
2689,10,55,0,7
2690,13,57,0,5
2691,27,154,23,13
2692,5,28,3,5
2693,25,159,24,18
2694,21,96,0,6
2695,19,96,0,7
2696,12,53,0,8
2697,16,81,1,6
2698,12,64,0,8
2699,4,26,7,5
2700,15,74,0,8
2701,38,166,2,7
2702,37,170,0,7
2703,11,58,0,8
2704,10,57,1,8
2705,27,157,7,7
2706,26,114,0,6
2707,9,51,0,8
2708,26,161,14,11
2709,6,24,0,9
2710,6,25,0,5
2711,18,119,20,15
2712,34,180,0,9
2713,23,102,0,8
2714,11,55,0,7
2715,19,97,0,8
2716,12,60,0,6
2717,27,167,0,13
2718,2,15,0,5
2719,23,136,11,11
2720,11,47,0,5
2721,2,10,0,3
2722,7,47,0,9
2723,17,85,0,8
2724,14,72,0,7
2725,4,21,0,4
2726,9,45,0,8
2727,11,47,0,6
2728,7,36,0,7
2729,23,155,25,11
2730,24,167,23,13
2731,6,29,0,6
2732,10,54,0,7
2733,17,83,0,8
2734,7,27,0,5
2735,11,49,0,7
2736,6,30,0,6
2737,8,42,0,7
2738,22,100,0,7
2739,13,56,0,6
2740,5,23,0,4
2741,2,16,0,7
2742,34,159,16,8
2743,23,120,0,9
2744,32,155,0,10
2745,4,26,0,4
2746,6,30,1,7
2747,7,30,0,4
2748,6,29,0,5
2749,18,90,0,8
2750,12,57,0,7
2751,13,54,2,7
2752,8,38,1,8
2753,4,27,0,6
2754,26,130,0,9
2755,16,70,0,7
2756,4,22,0,7
2757,17,90,0,8
2758,8,38,0,8
2759,9,40,1,5
2760,20,103,0,6
2761,9,43,0,7
2762,13,64,0,5
2763,10,51,0,8
2764,34,164,0,8
2765,39,201,0,7
2766,7,42,0,7
2767,24,156,12,12
2768,7,39,0,9
2769,8,27,0,4
2770,29,142,2,7
2771,6,30,0,7
2772,4,17,0,4
2773,4,24,0,8
2774,27,125,0,8
2775,10,47,0,6
2776,5,32,0,9
2777,6,29,0,8
2778,22,119,0,9
2779,23,125,23,11
2780,6,30,0,5
2781,15,64,1,7
2782,18,107,0,14
2783,30,122,0,5
2784,9,45,1,7
2785,5,23,0,8
2786,4,23,0,9
2787,24,117,0,10
2788,15,79,1,6
2789,15,60,0,5
2790,8,44,0,7
2791,20,132,31,11
2792,27,119,0,7
2793,13,58,0,7
2794,9,46,0,7
2795,26,143,0,9
2796,8,33,0,5
2797,14,70,0,10
2798,17,80,0,7
2799,25,150,0,10
2800,15,64,0,8
2801,26,156,0,13
2802,6,30,0,7
2803,29,146,0,7
2804,6,34,0,7
2805,4,23,0,5
2806,9,33,0,5
2807,3,11,0,3
2808,26,159,13,11
2809,12,62,0,8
2810,12,58,1,8
2811,9,37,0,5
2812,10,53,0,7
2813,34,164,0,8
2814,27,134,0,14
2815,12,56,0,7
2816,11,58,1,7
2817,14,69,0,7
2818,25,161,17,15
2819,27,124,1,6
2820,21,112,0,10
2821,22,138,10,10
2822,8,38,0,7
2823,26,153,0,10
2824,17,75,1,6
2825,11,48,0,5
2826,27,159,18,15
2827,2,10,0,3
2828,33,150,0,6
2829,9,45,0,7
2830,26,161,31,15
2831,4,24,0,7
2832,4,27,1,7
2833,7,36,0,8
2834,18,112,32,11
2835,6,30,0,8
2836,24,132,0,8
2837,6,29,0,7
2838,5,24,1,5
2839,10,53,0,7
2840,9,54,0,9
2841,21,132,0,18
2842,2,12,0,5
2843,5,28,0,5
2844,18,89,0,7
2845,35,167,2,8
2846,10,43,0,5
2847,7,33,0,6
2848,29,158,11,7
2849,117,589,2,10
2850,27,152,23,11
2851,17,75,0,5
2852,7,40,0,9
2853,5,27,0,8
2854,11,58,1,6
2855,10,55,0,7
2856,23,95,0,6
2857,62,277,0,8
2858,18,83,0,6
2859,33,161,1,8
2860,29,152,0,7
2861,16,61,0,5
2862,12,52,0,6
2863,9,53,2,7
2864,28,139,0,7
2865,23,105,0,10
2866,16,76,0,10
2867,7,30,0,5
2868,30,143,0,8
2869,7,41,0,8
2870,27,167,0,13
2871,27,153,23,11
2872,29,131,1,8
2873,3,16,0,5
2874,5,32,0,10
2875,11,53,0,7
2876,46,235,0,14
2877,10,51,0,6
2878,22,104,0,8
2879,27,141,12,7
2880,5,26,0,8
2881,25,155,18,8
2882,9,50,0,9
2883,10,48,0,9
2884,5,28,0,8
2885,14,78,0,9
2886,5,29,0,9
2887,8,35,0,6
2888,7,23,0,4
2889,22,96,0,6
2890,5,23,0,7
2891,11,55,0,7
2892,16,68,0,8
2893,13,74,2,8
2894,15,57,0,6
2895,7,33,0,9
2896,5,26,0,6
2897,20,164,17,12
2898,11,67,0,10
2899,9,44,1,6
2900,24,122,2,8
2901,11,56,0,8
2902,24,140,28,11
2903,27,127,0,9
2904,7,28,0,4
2905,34,142,2,6
2906,22,112,0,9
2907,16,110,0,8
2908,1,7,0,6
2909,27,143,0,9
2910,20,138,21,11
2911,11,47,0,6
2912,7,33,0,7
2913,21,90,0,8
2914,12,65,0,7
2915,26,149,3,11
2916,15,78,1,7
2917,10,48,0,6
2918,9,43,0,4
2919,4,30,0,6
2920,10,38,0,7
2921,20,87,2,5
2922,9,48,0,9
2923,9,34,0,4
2924,4,24,0,7
2925,14,68,0,7
2926,7,33,0,6
2927,6,32,0,7
2928,5,26,0,5
2929,1,12,0,8
2930,27,130,0,8
2931,7,34,0,8
2932,6,31,0,4
2933,32,184,14,9
2934,33,157,1,9
2935,11,48,3,7
2936,8,33,0,5
2937,26,136,0,9
2938,18,102,0,9
2939,11,60,0,7
2940,9,44,0,6
2941,6,49,12,11
2942,21,96,1,10
2943,28,143,1,7
2944,6,39,0,8
2945,14,101,11,11
2946,74,328,0,8
2947,5,30,2,5
2948,7,37,0,8
2949,20,88,1,5
2950,7,36,0,8
2951,12,63,0,5
2952,8,33,0,4
2953,5,25,0,4
2954,19,121,21,11
2955,22,113,0,8
2956,12,58,1,5
2957,5,27,0,6
2958,21,111,0,10
2959,25,148,25,11
2960,28,148,0,8
2961,7,33,0,5
2962,30,152,1,11
2963,5,43,0,12
2964,7,31,0,4
2965,26,136,0,8
2966,17,95,0,8
2967,5,29,0,5
2968,28,165,0,11
2969,6,39,0,6
2970,10,47,0,6
2971,6,24,0,6
2972,57,317,2,11
2973,16,66,0,6
2974,4,25,0,8
2975,10,43,0,6
2976,8,46,0,11
2977,14,55,1,6
2978,6,27,0,6
2979,11,61,1,9
2980,21,160,19,12
2981,33,142,1,8
2982,29,152,8,11
2983,8,36,0,7
2984,7,33,0,6
2985,29,144,1,10
2986,14,61,0,5
2987,18,108,8,12
2988,23,97,0,6
2989,6,31,0,7
2990,27,148,15,10
2991,26,127,0,8
2992,21,123,23,11
2993,11,42,0,5
2994,8,31,0,6
2995,32,158,0,8
2996,13,72,0,10
2997,21,113,0,9
2998,8,44,0,8
2999,3,15,1,8
3000,9,50,0,12
3001,8,48,0,9
3002,22,135,5,11
3003,9,43,0,9
3004,7,27,0,4
3005,18,112,32,11
3006,6,24,0,4
3007,7,31,0,6
3008,25,109,0,8
3009,26,165,19,10
3010,14,111,19,11
3011,22,120,0,9
3012,5,38,0,8
3013,13,76,0,9
3014,27,153,11,9
3015,11,47,1,6
3016,10,52,0,9
3017,73,462,1,12
3018,20,128,0,16
3019,10,45,0,7
3020,8,35,1,5
3021,15,73,0,12
3022,7,31,0,5
3023,6,28,0,6
3024,11,49,0,4
3025,20,91,0,6
3026,10,51,0,10
3027,9,48,0,8
3028,5,23,0,5
3029,8,42,0,7
3030,7,38,0,6
3031,34,174,0,7
3032,18,96,2,10
3033,12,70,0,7
3034,7,28,0,5
3035,8,48,0,8
3036,18,94,0,8
3037,6,33,0,6
3038,10,49,0,11
3039,13,64,0,9
3040,14,74,0,7
3041,56,296,0,10
3042,9,40,0,5
3043,26,121,0,9
3044,10,44,5,5
3045,36,170,2,10
3046,26,102,0,5
3047,7,33,0,7
3048,31,151,1,7
3049,8,41,0,6
3050,18,86,0,7
3051,1,3,0,2
3052,22,132,0,8
3053,8,50,0,7
3054,7,33,0,7
3055,6,30,0,8
3056,29,154,15,10
3057,4,25,0,9
3058,16,75,0,6
3059,25,142,0,13
3060,47,243,0,11
3061,7,41,0,8
3062,13,67,0,7
3063,5,26,0,8
3064,29,148,14,11
3065,6,27,0,6
3066,5,28,0,6
3067,24,122,5,7
3068,5,24,0,5
3069,9,39,0,5
3070,9,35,0,4
3071,14,56,1,4
3072,9,47,0,9
3073,5,23,0,3
3074,8,43,0,8
3075,8,36,0,8
3076,10,54,0,8
3077,23,113,0,6
3078,9,40,0,5
3079,8,39,0,7
3080,27,130,0,9
3081,14,68,0,8
3082,29,148,0,8
3083,12,62,0,11
3084,7,39,0,8
3085,18,83,4,6
3086,4,16,0,4
3087,31,154,0,9
3088,10,43,0,7
3089,26,156,0,12
3090,9,51,0,7
3091,11,53,0,6
3092,26,141,3,10
3093,12,55,0,8
3094,8,50,4,8
3095,12,68,3,9
3096,27,140,0,11
3097,20,111,0,11
3098,9,38,0,6
3099,9,41,0,6
3100,6,26,0,3
3101,22,114,0,8
3102,4,29,0,9
3103,12,49,0,6
3104,11,59,0,7
3105,18,67,0,5
3106,7,27,0,6
3107,64,298,0,10
3108,30,149,0,8
3109,32,150,1,9
3110,33,155,0,10
3111,16,113,20,11
3112,14,79,0,6
3113,7,36,0,7
3114,6,32,0,5
3115,13,71,0,8
3116,7,34,1,6
3117,6,36,0,6
3118,6,24,0,4
3119,17,77,0,9
3120,5,25,0,7
3121,8,42,0,7
3122,8,49,0,7
3123,28,144,19,11
3124,15,60,0,7
3125,10,54,0,8
3126,27,140,20,7
3127,4,20,1,6
3128,10,52,0,6
3129,25,123,0,9
3130,11,54,0,6
3131,5,23,1,6
3132,29,157,7,8
3133,34,156,0,9
3134,5,26,0,8
3135,9,40,0,5
3136,26,120,0,9
3137,23,105,0,10
3138,11,46,0,5
3139,5,19,0,5
3140,4,20,0,7
3141,32,145,4,6
3142,6,31,0,8
3143,17,92,1,7
3144,27,157,1,8
3145,10,46,0,6
3146,10,43,0,8
3147,20,119,2,10
3148,25,114,0,8
3149,25,140,1,11
3150,8,39,0,7
3151,9,44,0,5
3152,7,30,0,5
3153,23,146,22,14
3154,12,62,0,7
3155,29,161,23,11
3156,1,6,0,2
3157,6,34,0,8
3158,8,42,0,8
3159,12,61,0,9
3160,10,45,0,9
3161,7,33,0,6
3162,18,88,0,7
3163,15,67,0,8
3164,27,153,37,11
3165,31,149,0,10
3166,11,57,0,7
3167,17,102,23,11
3168,27,149,0,8
3169,10,56,0,9
3170,7,36,0,8
3171,8,32,0,8
3172,7,39,1,7
3173,12,60,0,8
3174,24,115,0,7
3175,5,28,0,9
3176,24,160,29,12
3177,10,56,0,6
3178,7,31,0,7
3179,6,34,0,5
3180,19,93,3,8
3181,12,60,0,8
3182,31,161,0,8
3183,20,131,0,10
3184,27,113,3,6
3185,12,53,0,7
3186,13,66,1,7
3187,11,60,0,8
3188,4,24,0,7
3189,28,154,19,11
3190,9,42,1,5
3191,28,138,1,7
3192,23,149,25,22
3193,9,36,0,5
3194,15,70,0,5
3195,13,69,0,8
3196,12,69,0,10
3197,12,50,0,6
3198,20,97,0,8
3199,7,47,2,6
3200,11,48,0,6
3201,11,51,0,7
3202,6,29,0,7
3203,21,111,0,10
3204,20,98,0,9
3205,11,47,0,7
3206,20,91,0,10
3207,3,14,0,4
3208,7,42,0,8
3209,15,66,0,6
3210,32,135,4,7
3211,32,146,1,7
3212,28,132,2,8
3213,8,34,0,7
3214,4,15,0,4
3215,23,106,0,6
3216,9,43,0,8
3217,27,160,19,11
3218,8,41,0,7
3219,10,48,0,10
3220,18,81,0,7
3221,15,73,0,7
3222,23,158,16,11
3223,30,151,0,7
3224,8,34,0,5
3225,7,34,0,7
3226,7,33,0,6
3227,58,282,9,9
3228,9,45,0,7
3229,23,137,22,7
3230,24,143,28,11
3231,19,103,0,8
3232,9,35,0,4
3233,15,74,0,5
3234,24,150,0,9
3235,4,21,0,5
3236,3,23,0,8
3237,22,93,0,8
3238,18,87,0,12
3239,4,29,0,8
3240,9,41,0,4
3241,23,133,0,10
3242,11,48,0,7
3243,10,67,0,10
3244,13,64,0,7
3245,31,148,3,10
3246,11,48,0,7
3247,21,152,5,10
3248,8,38,0,7
3249,8,42,0,8
3250,8,33,0,5
3251,5,25,0,6
3252,6,30,0,6
3253,9,51,1,7
3254,8,36,0,5
3255,7,39,0,7
3256,11,42,0,4
3257,23,119,0,7
3258,12,58,0,6
3259,25,116,0,9
3260,27,158,18,15
3261,12,52,0,7
3262,18,83,0,6
3263,7,30,0,5
3264,7,24,0,5
3265,15,73,0,5
3266,24,174,33,17
3267,16,73,0,5
3268,9,34,0,5
3269,27,112,0,6
3270,4,35,0,11
3271,19,87,0,8
3272,6,51,12,11
3273,24,122,0,8
3274,11,62,0,9
3275,3,15,0,5
3276,28,121,0,8
3277,16,79,0,8
3278,10,51,0,9
3279,4,28,0,9
3280,72,445,11,11
3281,15,80,0,11
3282,18,85,0,6
3283,15,63,0,6
3284,8,34,0,5
3285,16,69,0,7
3286,24,108,0,7
3287,10,38,0,5
3288,28,133,0,7
3289,22,140,18,11
3290,14,106,13,11
3291,14,70,11,7
3292,16,84,0,7
3293,7,39,0,7
3294,25,115,2,7
3295,24,152,0,11
3296,19,81,0,6
3297,19,81,2,5
3298,23,158,22,11
3299,22,135,5,11
3300,32,159,0,8
3301,8,36,0,6
3302,8,41,0,6
3303,32,166,0,11
3304,12,43,0,5
3305,27,154,0,12
3306,42,321,10,13
3307,22,94,3,6
3308,29,149,0,10
3309,10,51,0,9
3310,16,73,0,7
3311,13,56,0,5
3312,35,159,0,7
3313,12,55,0,7
3314,24,114,0,8
3315,17,71,1,7
3316,22,147,14,11
3317,16,78,0,7
3318,13,73,0,8
3319,7,34,0,8
3320,6,33,0,7
3321,20,92,0,8
3322,6,23,0,5
3323,34,149,0,7
3324,32,146,1,7
3325,26,127,0,9
3326,5,29,0,4
3327,9,53,0,8
3328,8,37,2,6
3329,26,127,1,10
3330,9,48,0,7
3331,6,28,0,6
3332,8,42,0,6
3333,28,130,2,7
3334,24,141,17,15
3335,19,84,0,9
3336,10,42,0,5
3337,6,29,0,6
3338,8,35,0,7
3339,10,40,0,5
3340,9,55,0,6
3341,20,91,0,7
3342,7,36,0,7
3343,8,35,0,7
3344,20,92,0,9
3345,12,53,0,7
3346,7,46,0,11
3347,9,55,0,7
3348,17,78,0,7
3349,5,23,0,5
3350,5,23,0,5
3351,73,369,1,9
3352,6,29,0,6
3353,19,83,0,6
3354,12,56,0,7
3355,14,69,0,10
3356,6,30,1,7
3357,24,116,0,8
3358,9,68,0,9
3359,23,97,0,6
3360,16,79,11,11
3361,4,26,0,6
3362,22,105,0,8
3363,10,45,0,8
3364,4,19,0,4
3365,9,48,0,9
3366,5,23,0,5
3367,7,32,0,7
3368,9,40,0,5
3369,8,41,0,7
3370,15,70,0,8
3371,21,80,0,5
3372,23,118,0,8
3373,7,39,0,11
3374,12,66,0,9
3375,5,24,0,6
3376,0,4,0,0
3377,29,152,0,10
3378,13,59,0,7
3379,4,25,0,8
3380,6,32,0,6
3381,5,34,0,8
3382,20,151,27,20
3383,11,55,0,7
3384,13,61,0,6
3385,26,161,16,11
3386,2,10,0,3
3387,16,72,0,8
3388,5,29,0,8
3389,7,42,1,10
3390,6,30,0,6
3391,12,82,11,11
3392,9,35,0,7
3393,7,32,0,7
3394,2,12,0,5
3395,28,130,0,8
3396,3,12,0,4
3397,20,128,17,11
3398,6,29,0,6
3399,7,48,0,11
3400,13,60,1,6
3401,27,154,15,11
3402,6,32,0,6
3403,25,142,0,9
3404,8,45,0,9
3405,14,66,2,5
3406,4,23,0,9
3407,13,83,3,16
3408,25,159,0,11
3409,23,158,21,17
3410,23,121,0,7
3411,30,132,0,8
3412,8,41,0,5
3413,11,53,0,6
3414,9,35,0,5
3415,5,24,0,6
3416,6,30,0,7
3417,9,49,0,8
3418,8,39,1,5
3419,29,137,0,7
3420,24,158,18,11
3421,27,154,15,11
3422,13,65,2,7
3423,20,161,18,14
3424,30,159,2,8
3425,27,162,21,16
3426,6,32,0,6
3427,18,87,0,7
3428,5,35,0,7
3429,10,57,0,8
3430,35,194,0,34
3431,7,35,0,6
3432,27,125,1,6
3433,14,107,13,11
3434,21,153,0,10
3435,12,66,1,9
3436,17,104,0,16
3437,10,52,0,6
3438,5,30,0,7
3439,6,26,0,4
3440,16,79,0,7
3441,6,31,0,7
3442,28,140,7,7
3443,24,154,0,15
3444,24,136,1,11
3445,11,45,0,5
3446,13,90,0,12
3447,27,143,0,7
3448,11,50,0,7
3449,12,55,0,6
3450,2,20,0,5
3451,6,35,0,8
3452,22,108,2,7
3453,5,25,0,5
3454,37,275,0,15
3455,29,119,0,8
3456,32,159,2,8
3457,7,29,0,5
3458,29,128,1,10
3459,10,53,0,7
3460,32,154,13,11
3461,26,132,2,10
3462,33,156,12,5
3463,13,102,12,12
3464,17,74,0,7
3465,2,9,0,5
3466,11,58,0,9
3467,20,107,0,8
3468,26,158,18,11
3469,10,57,0,7
3470,8,50,0,8
3471,5,28,0,5
3472,31,177,0,7
3473,20,93,0,7
3474,6,32,0,7
3475,7,39,0,8
3476,31,157,0,7
3477,12,67,0,9
3478,36,181,0,8
3479,16,64,0,6
3480,11,60,0,9
3481,5,26,0,7
3482,4,25,0,6
3483,25,149,17,11
3484,29,150,0,9
3485,34,166,1,10
3486,12,64,0,9
3487,5,33,0,8
3488,4,30,0,7
3489,7,36,0,7
3490,6,23,0,4
3491,24,106,1,7
3492,1,4,0,2
3493,26,127,0,7
3494,7,32,0,4
3495,24,141,17,15
3496,28,162,16,11
3497,14,76,0,8
3498,26,122,0,8
3499,17,76,0,8
3500,18,96,0,14
3501,24,157,6,9
3502,24,115,0,7
3503,7,27,0,4
3504,11,49,1,6
3505,6,26,0,4
3506,7,39,0,7
3507,1,8,0,4
3508,23,126,0,12
3509,36,190,5,8
3510,28,126,3,6
3511,11,56,0,10
3512,9,39,0,7
3513,5,30,0,7
3514,7,47,0,9
3515,14,63,0,6
3516,7,33,0,7
3517,41,195,0,10
3518,60,288,0,9
3519,8,38,0,7
3520,8,43,0,7
3521,15,71,1,7
3522,16,78,0,7
3523,26,116,1,8
3524,3,16,0,4
3525,10,50,0,8
3526,11,54,1,7
3527,33,162,6,8
3528,6,34,0,7
3529,22,151,25,25
3530,31,158,3,7
3531,18,88,2,7
3532,6,37,0,7
3533,29,135,0,8
3534,5,23,0,5
3535,5,27,0,7
3536,6,25,0,6
3537,22,98,1,7
3538,28,154,0,9
3539,20,140,1,12
3540,9,46,0,6
3541,15,70,1,6
3542,8,41,0,8
3543,8,31,2,4
3544,10,41,0,6
3545,18,85,0,8
3546,5,26,0,6
3547,34,141,1,6
3548,26,153,27,11
3549,22,124,1,8
3550,17,86,0,8
3551,15,70,0,9
3552,5,24,0,4
3553,5,26,0,7
3554,6,25,3,4
3555,7,31,0,10
3556,26,163,25,10
3557,8,29,0,4
3558,9,44,0,8
3559,9,40,0,5
3560,26,158,23,13
3561,17,84,0,13
3562,10,69,13,12
3563,15,74,0,6
3564,25,134,14,7
3565,9,48,0,9
3566,57,323,6,9
3567,15,60,0,4
3568,21,135,8,10
3569,8,43,0,8
3570,6,32,0,9
3571,25,146,15,10
3572,7,31,0,5
3573,7,37,0,7
3574,31,150,3,10
3575,8,30,0,5
3576,14,60,0,5
3577,27,155,0,13
3578,8,48,0,9
3579,18,88,0,8
3580,20,127,0,13
3581,27,129,0,7
3582,2,13,1,3
3583,10,54,0,9
3584,8,42,0,9
3585,23,144,23,11
3586,31,177,0,7
3587,30,156,14,11
3588,17,100,0,10
3589,14,73,0,9
3590,28,124,0,6
3591,14,70,0,7
3592,9,40,0,6
3593,3,18,0,8
3594,5,23,0,5
3595,24,158,21,11
3596,10,49,1,6
3597,6,39,0,8
3598,18,116,19,15
3599,8,31,0,5
3600,9,39,0,5
3601,6,26,0,5
3602,6,29,0,7
3603,8,47,0,8
3604,15,73,0,9
3605,8,42,0,7
3606,6,32,0,6
3607,15,60,0,5
3608,7,29,0,5
3609,6,31,0,5
3610,30,132,0,8
3611,12,56,0,7
3612,8,33,0,7
3613,28,139,0,8
3614,23,126,0,10
3615,4,14,0,4
3616,12,82,0,10
3617,31,156,0,10
3618,13,75,1,8
3619,8,35,0,6
3620,28,167,24,11
3621,19,85,0,7
3622,39,191,0,8
3623,8,43,0,7
3624,8,38,0,6
3625,6,39,0,8
3626,20,88,0,7
3627,9,44,0,7
3628,15,74,0,6
3629,14,66,0,8
3630,7,37,0,8
3631,28,158,16,8
3632,7,39,0,8
3633,6,28,0,6
3634,6,22,0,3
3635,13,74,0,10
3636,41,192,0,10
3637,21,103,2,10
3638,7,35,0,5
3639,24,153,18,12
3640,8,32,0,5
3641,30,155,0,13
3642,29,156,12,8
3643,18,99,1,7
3644,22,108,0,8
3645,6,28,0,7
3646,28,157,10,9
3647,14,60,0,6
3648,12,58,0,6
3649,21,137,1,11
3650,12,57,0,8
3651,15,78,1,8
3652,10,45,0,7
3653,8,47,0,8
3654,11,54,0,8
3655,7,33,0,7
3656,5,32,1,7
3657,12,56,0,6
3658,8,41,0,8
3659,12,52,0,7
3660,8,40,0,4
3661,9,44,0,7
3662,7,36,0,7
3663,28,134,2,8
3664,26,159,0,12
3665,9,49,1,8
3666,8,38,0,5
3667,38,170,0,8
3668,22,136,0,10
3669,7,34,0,6
3670,11,53,0,5
3671,5,30,0,5
3672,7,30,0,6
3673,22,104,5,6
3674,10,56,0,8
3675,29,151,16,8
3676,5,25,0,5
3677,10,55,0,10
3678,8,44,0,8
3679,25,180,32,22
3680,4,24,0,8
3681,11,52,0,7
3682,8,41,0,7
3683,32,156,2,9
3684,19,84,1,5
3685,6,27,0,5
3686,8,39,0,7
3687,17,83,0,8
3688,8,39,0,5
3689,7,27,0,5
3690,4,26,0,7
3691,5,25,0,6
3692,12,59,0,7
3693,11,47,0,6
3694,20,91,0,8
3695,28,129,0,8
3696,13,71,1,10
3697,7,31,0,7
3698,29,160,23,14
3699,9,45,1,7
3700,14,70,0,7
3701,9,43,0,5
3702,5,22,0,5
3703,32,159,0,8
3704,24,128,0,8
3705,8,40,1,5
3706,9,48,0,6
3707,10,66,0,9
3708,8,37,0,5
3709,18,115,18,11
3710,8,37,0,6
3711,8,38,0,9
3712,8,32,0,5
3713,4,19,0,5
3714,22,87,0,7
3715,32,160,0,11
3716,17,93,0,9
3717,4,40,0,10
3718,8,29,0,6
3719,14,67,0,8
3720,29,198,16,11
3721,8,36,0,5
3722,8,38,0,5
3723,8,39,0,7
3724,7,35,0,7
3725,26,157,18,9
3726,8,35,0,7
3727,8,31,0,6
3728,8,46,0,7
3729,25,138,2,11
3730,6,25,0,6
3731,12,52,0,6
3732,58,294,1,11
3733,7,29,0,4
3734,7,38,0,7
3735,4,34,2,7
3736,9,34,1,4
3737,10,50,0,7
3738,54,264,0,10
3739,11,51,0,7
3740,5,27,0,7
3741,9,40,0,5
3742,2,14,8,9
3743,15,59,0,8
3744,11,63,0,9
3745,15,71,0,6
3746,12,51,0,6
3747,8,39,0,8
3748,16,63,0,4
3749,36,153,0,10
3750,22,148,15,11
3751,33,159,0,8
3752,7,46,0,6
3753,6,23,0,5
3754,7,27,0,4
3755,13,102,12,12
3756,8,46,0,14
3757,9,49,0,9
3758,22,110,8,8
3759,12,49,0,6
3760,30,163,0,11
3761,7,31,0,4
3762,25,111,0,8
3763,29,159,19,8
3764,8,35,0,4
3765,12,66,0,9
3766,22,138,17,11
3767,4,24,0,6
3768,6,36,0,11
3769,5,23,0,5
3770,20,97,1,8
3771,15,76,0,7
3772,16,82,0,9
3773,7,38,0,8
3774,15,72,0,6
3775,4,22,0,5
3776,26,127,0,10
3777,7,26,1,4
3778,30,160,27,15
3779,62,302,3,8
3780,11,87,16,17
3781,5,24,0,7
3782,36,199,0,11
3783,9,33,0,5
3784,5,31,0,11
3785,8,40,0,5
3786,19,99,0,9
3787,4,15,0,5
3788,4,28,0,12
3789,29,156,3,9
3790,16,70,0,4
3791,31,158,0,7
3792,25,157,25,11
3793,11,55,0,6
3794,9,40,0,5
3795,15,77,0,6
3796,9,46,0,8
3797,27,145,0,8
3798,33,181,0,7
3799,38,166,2,7
3800,12,62,0,8
3801,26,159,14,11
3802,9,40,0,6
3803,10,42,0,8
3804,13,75,0,8
3805,47,205,0,9
3806,15,89,0,8
3807,26,160,18,11
3808,14,75,0,8
3809,8,38,0,6
3810,8,40,0,7
3811,7,36,0,7
3812,7,44,0,9
3813,10,43,6,4
3814,8,38,0,6
3815,6,31,1,5
3816,17,83,0,10
3817,8,33,0,4
3818,6,29,0,6
3819,19,121,17,8
3820,11,56,0,8
3821,14,68,0,10
3822,50,245,0,8
3823,4,25,0,6
3824,25,160,0,11
3825,36,160,0,9
3826,15,71,0,7
3827,9,58,0,11
3828,28,163,16,15
3829,30,140,0,7
3830,12,41,0,4
3831,17,87,0,8
3832,25,117,0,8
3833,1,4,0,2
3834,11,54,0,8
3835,9,43,0,8
3836,10,55,0,8
3837,8,34,3,4
3838,5,31,0,9
3839,16,71,0,9
3840,20,95,3,6
3841,14,63,0,7
3842,15,73,0,8
3843,28,143,0,10
3844,17,86,0,8
3845,15,67,0,8
3846,7,33,0,4
3847,11,56,0,7
3848,31,163,8,8
3849,12,59,0,9
3850,4,17,0,5
3851,14,72,0,8
3852,7,39,0,8
3853,11,45,0,4
3854,14,78,1,8
3855,31,149,0,8
3856,28,153,23,12
3857,8,33,0,8
3858,20,86,0,6
3859,5,23,0,7
3860,24,140,2,9
3861,8,39,0,9
3862,15,110,19,14
3863,7,33,0,8
3864,25,108,3,6
3865,35,199,0,11
3866,23,105,1,6
3867,8,45,0,13
3868,9,43,0,7
3869,14,62,0,6
3870,11,44,0,4
3871,9,47,1,6
3872,16,77,0,10
3873,11,62,0,8
3874,13,75,0,7
3875,9,47,0,10
3876,14,62,0,7
3877,5,23,0,7
3878,9,51,0,8
3879,10,45,0,6
3880,47,258,0,10
3881,39,160,0,8
3882,12,59,0,9
3883,15,77,0,6
3884,20,96,1,7
3885,20,97,7,7
3886,6,30,0,8
3887,12,64,0,11
3888,11,54,0,9
3889,7,35,0,4
3890,4,34,0,9
3891,19,152,18,12
3892,12,66,0,8
3893,23,152,23,13
3894,6,31,0,5
3895,23,154,24,11
3896,3,20,0,8
3897,18,122,17,11
3898,7,37,0,9
3899,7,41,0,9
3900,13,64,0,9
3901,1,5,0,4
3902,9,51,0,7
3903,6,29,0,5
3904,12,58,1,7
3905,15,129,26,11
3906,22,146,14,11
3907,6,33,0,6
3908,9,39,0,5
3909,17,87,0,8
3910,6,38,0,7
3911,25,117,0,9
3912,17,78,0,7
3913,11,87,11,12
3914,3,18,0,8
3915,25,157,3,9
3916,8,39,3,7
3917,4,14,0,4
3918,21,89,0,6
3919,14,65,0,8
3920,44,206,0,8
3921,24,159,9,11
3922,17,113,2,11
3923,16,79,0,8
3924,26,122,0,5
3925,4,26,0,7
3926,9,47,0,8
3927,6,29,0,6
3928,24,127,0,10
3929,8,47,0,9
3930,5,24,0,4
3931,19,85,1,8
3932,15,73,0,8
3933,7,31,0,6
3934,4,23,0,6
3935,11,49,0,7
3936,6,25,0,4
3937,9,47,0,6
3938,18,87,0,8
3939,26,159,0,16
3940,8,32,0,6
3941,6,26,0,5
3942,17,101,0,8
3943,6,36,0,10
3944,22,107,0,9
3945,7,49,4,8
3946,11,61,0,8
3947,23,98,0,5
3948,6,37,0,10
3949,15,72,0,11
3950,16,84,0,7
3951,32,154,2,8
3952,10,39,0,6
3953,18,83,0,6
3954,20,115,11,9
3955,23,95,0,8
3956,12,53,0,5
3957,15,85,0,8
3958,6,34,0,8
3959,10,43,0,5
3960,6,25,0,4
3961,11,55,0,8
3962,6,24,0,4
3963,21,138,19,11
3964,10,46,0,7
3965,10,38,0,6
3966,6,29,0,5
3967,10,45,0,6
3968,24,136,14,11
3969,16,74,0,7
3970,41,203,0,10
3971,27,141,0,9
3972,20,147,24,11
3973,4,14,1,3
3974,5,30,0,8
3975,10,54,2,8
3976,19,133,0,13
3977,9,36,0,5
3978,26,161,14,11
3979,19,97,0,9
3980,14,74,1,6
3981,1,19,5,12
3982,13,56,0,5
3983,15,61,0,5
3984,14,84,0,10
3985,22,112,0,7
3986,6,41,0,8
3987,31,142,0,10
3988,11,64,1,8
3989,21,105,0,7
3990,28,134,2,7
3991,21,138,6,9
3992,8,27,0,4
3993,11,54,0,10
3994,12,71,0,10
3995,15,68,0,6
3996,5,23,0,9
3997,14,64,0,9
3998,15,96,13,10
3999,26,144,14,11
4000,7,34,0,5
4001,30,160,19,12
4002,18,75,0,7
4003,13,61,0,8
4004,25,145,0,9
4005,46,221,0,8
4006,11,56,5,10
4007,25,128,2,9
4008,6,28,1,8
4009,36,163,0,7
4010,22,113,0,10
4011,28,162,16,11
4012,23,150,22,14
4013,5,31,0,9
4014,1,4,0,2
4015,12,62,0,10
4016,13,74,0,9
4017,8,40,0,5
4018,21,104,1,10
4019,8,47,0,9
4020,25,160,23,11
4021,4,35,0,10
4022,7,38,0,8
4023,19,90,1,8
4024,6,32,0,5
4025,5,23,0,5
4026,7,37,0,7
4027,6,24,0,5
4028,9,46,0,8
4029,10,43,0,8
4030,8,41,0,8
4031,8,29,0,4
4032,15,85,0,8
4033,12,53,0,5
4034,15,79,0,7
4035,14,55,1,5
4036,27,160,14,11
4037,5,24,0,7
4038,16,94,0,8
4039,5,25,0,6
4040,11,52,0,7
4041,6,23,0,5
4042,23,150,22,14
4043,6,24,0,4
4044,14,66,0,9
4045,5,22,0,4
4046,6,30,0,7
4047,10,48,8,5
4048,23,157,16,11
4049,16,67,0,6
4050,7,33,0,10
4051,7,35,0,10
4052,26,154,0,8
4053,5,24,0,6
4054,7,33,0,5
4055,16,70,0,5
4056,33,181,0,9
4057,54,256,0,8
4058,7,32,0,5
4059,12,60,1,10
4060,30,157,23,12
4061,23,160,19,11
4062,33,139,0,7
4063,15,68,0,7
4064,9,38,0,4
4065,18,123,0,15
4066,7,30,0,4
4067,21,98,0,12
4068,25,150,14,12
4069,22,142,2,11
4070,16,77,0,8
4071,20,85,0,8
4072,13,57,0,7
4073,16,107,11,14
4074,7,37,0,6
4075,17,85,0,8
4076,20,129,1,17
4077,21,115,16,6
4078,20,97,0,9
4079,5,36,0,11
4080,8,47,0,11
4081,57,277,0,9
4082,5,26,0,5
4083,9,47,0,10
4084,30,154,0,9
4085,17,75,0,6
4086,28,155,0,9
4087,7,28,0,5
4088,17,149,40,11
4089,13,64,0,7
4090,27,148,0,8
4091,24,136,14,11
4092,36,155,1,6
4093,13,71,0,11
4094,28,160,0,10
4095,6,25,0,4
4096,18,86,0,10
4097,11,50,2,4
4098,7,27,0,5
4099,10,49,0,8
4100,9,36,1,5
4101,6,25,0,4
4102,29,168,16,11
4103,12,50,0,5
4104,25,133,12,11
4105,11,49,0,7
4106,18,81,1,6
4107,8,40,1,7
4108,21,123,23,11
4109,6,30,0,7
4110,7,33,0,5
4111,17,76,0,8
4112,19,142,24,11
4113,6,26,0,6
4114,13,61,0,7
4115,34,155,0,7
4116,45,231,0,9
4117,6,28,0,5
4118,18,95,1,9
4119,19,88,4,7
4120,23,117,0,8
4121,23,127,0,10
4122,7,29,0,5
4123,35,161,0,10
4124,14,61,0,7
4125,29,154,0,9
4126,10,56,0,7
4127,25,158,28,11
4128,5,23,0,5
4129,9,43,0,7
4130,9,37,0,6
4131,9,35,0,4
4132,33,156,0,7
4133,36,148,0,7
4134,30,153,14,15
4135,12,56,0,5
4136,13,55,0,8
4137,7,35,0,6
4138,5,23,0,4
4139,21,112,0,9
4140,30,160,0,9
4141,18,90,8,8
4142,26,154,1,10
4143,14,68,0,6
4144,32,147,4,8
4145,11,49,0,5
4146,12,58,0,7
4147,36,162,0,8
4148,28,140,0,9
4149,29,161,11,9
4150,35,159,0,7
4151,19,91,0,6
4152,6,30,0,5
4153,4,23,0,7
4154,23,162,26,11
4155,9,39,1,5
4156,23,145,15,11
4157,21,93,0,6
4158,16,85,0,8
4159,11,75,0,11
4160,9,41,1,5
4161,12,64,0,9
4162,27,155,13,11
4163,23,135,0,10
4164,7,36,0,9
4165,7,36,0,7
4166,23,113,0,7
4167,12,55,0,9
4168,6,28,0,5
4169,22,158,33,11
4170,23,112,0,9
4171,32,158,0,6
4172,26,125,0,10
4173,5,23,0,5
4174,15,78,1,6
4175,7,38,0,6
4176,15,72,0,7
4177,18,75,0,6
4178,7,29,0,4
4179,6,35,0,7
4180,9,36,0,6
4181,16,68,1,5
4182,9,42,0,7
4183,21,145,26,13
4184,7,34,0,7
4185,17,84,1,8
4186,8,39,0,10
4187,15,62,0,6
4188,6,33,0,8
4189,13,63,0,8
4190,17,80,0,7
4191,5,23,0,5
4192,29,159,0,9
4193,8,38,0,6
4194,6,24,0,6
4195,8,44,0,7
4196,21,150,16,11
4197,26,109,0,6
4198,29,159,19,8
4199,29,156,3,9
4200,29,149,4,7
4201,5,24,0,8
4202,15,82,0,8
4203,31,155,0,7
4204,17,86,1,10
4205,9,55,0,8
4206,25,158,6,13
4207,6,23,0,4
4208,6,35,0,8
4209,16,70,1,5
4210,13,75,4,7
4211,20,103,0,7
4212,6,23,0,5
4213,10,73,11,11
4214,6,33,0,8
4215,17,78,3,7
4216,6,27,0,8
4217,7,30,0,6
4218,10,53,1,8
4219,11,61,1,8
4220,10,45,0,8
4221,17,78,1,8
4222,54,264,0,10
4223,14,66,0,7
4224,6,32,0,7
4225,12,74,0,8
4226,23,130,0,8
4227,25,132,0,7
4228,7,32,0,6
4229,5,25,0,7
4230,15,72,0,9
4231,5,24,0,7
4232,17,80,3,6
4233,6,25,0,6
4234,19,98,0,8
4235,14,72,0,7
4236,30,158,4,8
4237,25,161,14,23
4238,6,39,0,8
4239,9,45,0,6
4240,18,89,2,14
4241,33,156,0,10
4242,7,37,0,7
4243,24,136,8,9
4244,1,8,0,4
4245,18,72,0,7
4246,5,28,3,7
4247,9,50,0,11
4248,16,106,5,10
4249,14,75,0,11
4250,9,47,0,8
4251,5,24,0,6
4252,39,184,0,8
4253,23,119,0,11
4254,20,93,0,6
4255,6,39,0,7
4256,28,158,1,9
4257,19,88,0,8
4258,25,153,2,11
4259,8,30,0,5
4260,35,155,0,10
4261,9,46,0,6
4262,5,25,0,6
4263,14,70,0,8
4264,25,142,0,8
4265,26,115,0,9
4266,30,133,0,9
4267,16,86,0,8
4268,14,76,7,6
4269,7,33,0,5
4270,7,38,0,7
4271,24,123,0,11
4272,25,137,21,11
4273,4,20,0,5
4274,22,107,0,7
4275,14,68,0,9
4276,8,52,0,7
4277,9,41,0,6
4278,8,41,0,9
4279,5,29,0,7
4280,26,164,3,11
4281,24,159,19,11
4282,32,153,1,8
4283,4,18,0,4
4284,26,139,0,9
4285,12,61,0,10
4286,6,29,0,6
4287,29,143,0,10
4288,32,140,0,6
4289,16,81,0,8
4290,6,35,0,7
4291,60,291,0,11
4292,6,26,0,4
4293,3,6,0,1
4294,13,64,0,12
4295,13,75,9,9
4296,26,156,12,10
4297,12,82,11,11
4298,23,139,0,10
4299,23,163,26,11
4300,35,154,0,6
4301,17,105,0,9
4302,16,83,0,9
4303,17,75,1,5
4304,4,16,0,4
4305,13,78,0,7
4306,8,38,0,6
4307,27,130,0,9
4308,9,55,1,9
4309,14,64,0,6
4310,15,67,0,8
4311,23,135,17,11
4312,65,330,1,9
4313,10,41,0,5
4314,18,87,0,7
4315,15,83,2,8
4316,5,25,0,7
4317,24,112,0,7
4318,37,157,1,6
4319,7,37,0,7
4320,6,36,0,7
4321,26,113,0,6
4322,18,73,0,6
4323,14,62,0,7
4324,5,28,0,8
4325,7,31,0,6
4326,9,47,0,9
4327,4,33,0,13
4328,9,44,0,7
4329,24,162,21,11
4330,29,155,6,8
4331,12,56,0,7
4332,6,28,0,6
4333,7,36,0,8
4334,8,40,0,8
4335,14,71,0,8
4336,23,116,1,10
4337,15,69,0,7
4338,7,30,1,7
4339,6,28,0,5
4340,8,35,0,5
4341,14,67,0,7
4342,5,22,0,5
4343,30,140,1,11
4344,28,151,1,9
4345,9,50,0,7
4346,3,20,0,6
4347,9,41,1,6
4348,25,146,24,12
4349,25,114,0,6
4350,10,45,0,5
4351,11,52,0,9
4352,31,157,0,7
4353,8,34,0,7
4354,28,158,1,11
4355,26,164,6,11
4356,8,33,0,5
4357,9,47,0,7
4358,32,143,3,13
4359,21,127,20,11
4360,7,37,0,8
4361,23,118,0,8
4362,20,91,1,5
4363,12,53,0,6
4364,39,181,1,8
4365,8,40,0,8
4366,13,88,0,10
4367,11,48,0,7
4368,14,71,0,10
4369,28,122,2,8
4370,2,15,0,7
4371,23,136,14,11
4372,24,143,0,10
4373,26,134,8,8
4374,4,24,0,9
4375,17,65,0,7
4376,26,147,5,12
4377,31,145,10,8
4378,6,26,1,5
4379,9,46,0,7
4380,8,37,0,8
4381,20,102,0,10
4382,7,39,0,8
4383,28,143,0,9
4384,12,52,0,5
4385,31,164,1,8
4386,24,157,20,10
4387,26,147,0,12
4388,7,28,0,8
4389,8,42,0,11
4390,6,26,0,5
4391,29,152,0,7
4392,16,86,0,8
4393,6,31,0,5
4394,12,73,2,9
4395,12,61,0,11
4396,14,75,0,8
4397,13,62,0,7
4398,5,23,0,4
4399,70,409,0,10
4400,11,57,0,8
4401,6,32,1,6
4402,10,46,0,5
4403,22,139,1,10
4404,4,23,0,7
4405,8,39,0,5
4406,12,54,0,7
4407,24,133,4,11
4408,20,94,0,7
4409,57,284,0,13
4410,15,82,0,9
4411,10,37,0,5
4412,13,61,0,8
4413,7,37,0,8
4414,35,155,0,10
4415,21,104,0,9
4416,17,66,0,6
4417,32,150,0,7
4418,44,201,1,11
4419,6,27,0,4
4420,26,125,0,8
4421,9,32,1,5
4422,12,66,0,7
4423,6,40,0,9
4424,16,84,0,7
4425,6,43,0,10
4426,8,36,0,7
4427,5,24,0,9
4428,9,42,0,5
4429,14,73,1,8
4430,14,67,0,8
4431,10,44,0,5
4432,9,47,1,9
4433,23,117,0,7
4434,13,57,1,6
4435,11,56,0,6
4436,21,138,25,11
4437,27,167,0,13
4438,7,30,0,7
4439,22,97,0,7
4440,7,37,0,6
4441,12,50,0,7
4442,11,62,1,8
4443,8,40,0,7
4444,31,142,1,9
4445,5,31,0,11
4446,6,31,1,9
4447,6,32,0,9
4448,14,74,0,7
4449,6,26,0,4
4450,25,162,21,17
4451,6,30,0,7
4452,83,380,0,11
4453,13,70,0,10
4454,6,27,0,5
4455,9,37,0,5
4456,68,325,1,9
4457,23,117,0,9
4458,10,51,0,7
4459,17,90,1,12
4460,26,150,19,11
4461,48,238,0,10
4462,49,237,0,6
4463,18,96,0,9
4464,19,86,1,7
4465,8,45,1,7
4466,16,98,0,9
4467,6,24,0,5
4468,32,146,1,7
4469,5,27,0,6
4470,36,161,3,7
4471,21,98,1,9
4472,6,40,0,9
4473,7,48,1,8
4474,6,25,0,5
4475,10,66,15,11
4476,6,34,0,8
4477,18,77,3,7
4478,8,50,1,7
4479,3,16,0,8
4480,2,23,0,11
4481,12,52,0,9
4482,6,29,0,6
4483,15,70,1,9
4484,27,160,0,12
4485,9,45,0,8
4486,4,25,0,8
4487,3,21,0,7
4488,21,127,0,10
4489,9,42,1,6
4490,9,41,0,5
4491,28,163,1,9
4492,33,172,0,8
4493,5,29,0,8
4494,12,63,0,8
4495,18,72,0,6
4496,22,110,0,9
4497,27,136,0,9
4498,1,3,0,2
4499,20,126,14,11
4500,24,159,18,11
4501,4,18,0,4
4502,5,22,0,8
4503,6,26,1,5
4504,4,24,0,8
4505,15,75,0,7
4506,13,74,2,7
4507,5,27,0,7
4508,33,150,1,7
4509,5,25,0,8
4510,5,31,0,7
4511,12,63,0,10
4512,26,133,0,7
4513,9,44,0,7
4514,11,52,3,6
4515,8,43,0,8
4516,11,59,0,9
4517,24,162,21,11
4518,18,126,0,11
4519,20,95,0,9
4520,20,105,5,10
4521,22,95,0,7
4522,8,40,0,6
4523,6,27,2,6
4524,14,61,0,8
4525,6,23,0,4
4526,33,159,1,8
4527,32,164,15,7
4528,11,59,0,10
4529,26,121,3,7
4530,7,48,0,8
4531,21,111,0,8
4532,41,206,0,9
4533,15,74,0,7
4534,28,161,12,8
4535,6,32,1,5
4536,7,30,0,8
4537,28,153,0,10
4538,8,43,0,8
4539,10,49,0,7
4540,29,138,0,11
4541,18,106,0,10
4542,30,156,0,8
4543,29,144,22,11
4544,9,46,0,7
4545,7,36,0,5
4546,18,79,0,5
4547,31,160,0,8
4548,26,127,2,7
4549,10,50,0,8
4550,14,74,0,9
4551,40,165,3,8
4552,9,51,0,9
4553,28,140,3,9
4554,25,121,0,7
4555,10,55,0,9
4556,29,152,8,11
4557,5,24,0,6
4558,11,53,0,8
4559,18,91,0,9
4560,5,24,0,5
4561,7,25,0,5
4562,30,157,0,9
4563,6,26,0,6
4564,16,74,0,7
4565,7,35,0,7
4566,32,159,0,8
4567,44,209,1,10
4568,11,57,0,8
4569,25,113,0,6
4570,7,36,0,8
4571,32,157,15,6
4572,19,123,2,12
4573,8,31,0,4
4574,19,147,35,25
4575,4,25,0,4
4576,7,47,1,8
4577,17,116,15,15
4578,26,160,2,8
4579,22,153,27,13
4580,7,35,0,5
4581,28,143,0,10
4582,15,76,0,7
4583,22,96,0,6
4584,24,128,24,11
4585,15,78,0,9
4586,27,159,26,17
4587,30,160,27,15
4588,20,80,0,6
4589,52,230,0,10
4590,8,45,0,9
4591,23,118,0,8
4592,29,157,16,8
4593,14,71,0,7
4594,14,54,0,7
4595,23,107,0,9
4596,7,31,0,6
4597,22,87,0,6
4598,8,39,0,7
4599,17,68,0,6
4600,8,40,0,6
4601,21,98,2,7
4602,24,145,10,13
4603,28,156,0,16
4604,18,74,0,7
4605,7,36,1,6
4606,19,73,1,6
4607,25,135,0,6
4608,18,107,1,7
4609,8,36,0,4
4610,5,23,0,6
4611,7,32,0,7
4612,4,20,0,6
4613,12,55,0,7
4614,6,30,0,8
4615,20,102,3,9
4616,19,109,5,9
4617,4,23,0,6
4618,19,90,0,6
4619,17,76,0,6
4620,7,35,0,7
4621,6,28,0,6
4622,5,35,0,10
4623,7,38,0,7
4624,28,171,0,13
4625,9,53,0,7
4626,7,25,0,4
4627,11,55,0,6
4628,22,140,22,14
4629,25,167,22,11
4630,9,57,0,9
4631,7,42,0,9
4632,18,90,0,9
4633,9,35,0,7
4634,8,44,0,8
4635,10,44,0,8
4636,11,44,0,4
4637,7,27,0,5
4638,13,56,0,5
4639,11,67,0,10
4640,13,56,0,6
4641,9,50,0,9
4642,1,8,0,6
4643,23,144,12,11
4644,6,28,0,6
4645,6,29,0,7
4646,6,34,0,8
4647,27,156,14,11
4648,31,158,1,7
4649,8,39,0,5
4650,25,160,0,11
4651,22,136,0,9
4652,26,159,17,11
4653,5,23,0,7
4654,11,49,0,5
4655,7,33,0,6
4656,14,81,0,8
4657,6,27,0,9
4658,17,137,29,11
4659,19,107,1,8
4660,11,52,0,7
4661,12,57,0,7
4662,3,14,0,4
4663,6,34,0,6
4664,5,31,0,8
4665,5,32,0,8
4666,8,36,0,7
4667,4,25,0,8
4668,6,27,0,5
4669,10,50,2,5
4670,29,160,0,11
4671,12,60,0,8
4672,14,65,0,8
4673,24,153,18,12
4674,24,110,2,7
4675,6,26,0,7
4676,33,161,3,9
4677,5,25,0,5
4678,5,37,9,6
4679,13,56,0,10
4680,9,37,0,4
4681,16,67,0,6
4682,5,26,0,7
4683,8,38,1,8
4684,11,45,0,8
4685,33,161,0,7
4686,14,64,0,7
4687,7,34,0,6
4688,3,18,0,5
4689,9,41,0,6
4690,11,44,0,7
4691,3,11,0,4
4692,10,52,0,6
4693,31,155,0,8
4694,22,114,0,8
4695,30,148,0,10
4696,25,156,35,11
4697,12,51,0,7
4698,14,65,0,7
4699,6,27,0,5
4700,2,10,0,4
4701,28,133,5,8
4702,5,23,0,6
4703,1,11,0,7
4704,19,125,0,9
4705,7,33,0,5
4706,5,25,0,6
4707,20,96,0,8
4708,6,36,0,7
4709,12,60,1,5
4710,15,74,0,7
4711,18,89,1,6
4712,17,78,2,5
4713,12,65,0,8
4714,13,77,0,8
4715,13,56,0,5
4716,6,27,1,5
4717,24,113,0,8
4718,19,78,0,5
4719,10,54,0,8
4720,20,103,0,7
4721,16,80,0,8
4722,10,43,0,8
4723,11,60,0,6
4724,6,33,0,5
4725,26,154,5,10
4726,13,71,0,10
4727,17,71,0,5
4728,27,144,2,6
4729,25,125,0,10
4730,4,22,0,7
4731,15,78,0,7
4732,5,26,0,7
4733,9,37,0,6
4734,11,76,0,10
4735,26,155,5,8
4736,7,37,0,9
4737,7,49,0,10
4738,33,176,0,11
4739,49,238,3,9
4740,6,24,0,5
4741,20,102,0,10
4742,12,63,0,8
4743,7,38,0,8
4744,11,53,0,8
4745,4,21,0,8
4746,14,107,13,11
4747,10,43,0,7
4748,16,80,0,6
4749,25,134,1,9
4750,19,92,2,7
4751,24,100,0,6
4752,28,161,3,8
4753,13,63,0,9
4754,30,156,0,7
4755,9,35,1,4
4756,10,41,1,7
4757,31,158,1,10
4758,31,134,0,7
4759,21,145,24,11
4760,24,140,11,9
4761,12,57,0,10
4762,17,94,11,5
4763,7,32,0,6
4764,4,27,0,9
4765,12,84,0,10
4766,17,77,0,6
4767,4,23,0,5
4768,12,90,20,11
4769,9,43,0,9
4770,21,121,0,8
4771,13,63,0,8
4772,6,25,0,5
4773,32,159,0,9
4774,11,47,0,6
4775,13,62,0,12
4776,30,157,0,8
4777,10,54,0,10
4778,13,74,0,10
4779,21,88,0,9
4780,17,75,0,5
4781,13,59,0,7
4782,17,81,0,7
4783,7,33,0,7
4784,28,148,0,10
4785,11,52,0,6
4786,22,148,27,15
4787,9,46,0,6
4788,7,30,0,7
4789,31,158,2,7
4790,12,57,0,8
4791,16,69,0,7
4792,4,23,0,6
4793,4,23,1,5
4794,23,85,0,4
4795,10,44,0,5
4796,12,63,0,7
4797,22,137,15,11
4798,28,159,17,12
4799,11,47,0,9
4800,10,48,0,8
4801,34,152,0,7
4802,49,241,0,9
4803,7,46,0,11
4804,7,31,0,6
4805,22,115,0,8
4806,6,33,0,7
4807,11,44,0,6
4808,16,154,36,11
4809,24,111,0,8
4810,42,202,0,10
4811,30,152,0,9
4812,17,87,0,8
4813,11,47,0,8
4814,10,42,0,5
4815,15,85,0,9
4816,7,30,0,4
4817,14,99,1,10
4818,17,87,0,12
4819,4,16,0,5
4820,6,38,0,8
4821,11,70,0,9
4822,8,43,0,8
4823,25,153,22,14
4824,0,8,0,0
4825,22,112,0,7
4826,10,43,0,6
4827,6,30,0,7
4828,16,69,0,8
4829,12,63,0,11
4830,12,70,0,9
4831,23,140,0,11
4832,6,39,0,4
4833,10,47,0,6
4834,22,154,28,12
4835,6,30,0,6
4836,26,122,2,6
4837,7,34,0,8
4838,6,43,0,9
4839,20,90,0,7
4840,15,75,0,10
4841,17,136,28,11
4842,14,72,0,7
4843,9,46,0,7
4844,7,38,0,7
4845,24,137,14,11
4846,6,34,0,7
4847,12,55,0,6
4848,14,70,0,7
4849,8,44,0,8
4850,16,82,0,6
4851,9,54,0,9
4852,17,77,0,7
4853,5,23,0,5
4854,7,28,0,4
4855,23,110,0,8
4856,3,13,0,4
4857,9,45,0,7
4858,12,59,0,6
4859,1,6,0,2
4860,28,122,0,9
4861,26,155,3,8
4862,4,23,0,5
4863,20,160,18,12
4864,15,96,13,10
4865,12,59,0,7
4866,10,41,0,6
4867,56,298,0,11
4868,6,40,0,13
4869,16,93,0,9
4870,22,159,9,8
4871,18,83,0,7
4872,7,36,0,7
4873,15,67,4,7
4874,5,28,0,5
4875,6,33,0,8
4876,17,86,0,6
4877,25,138,13,12
4878,20,127,0,13
4879,27,148,15,10
4880,15,76,0,6
4881,20,93,0,7
4882,7,28,0,5
4883,8,36,2,5
4884,25,146,0,9
4885,20,114,0,10
4886,8,32,0,4
4887,5,23,1,6
4888,23,151,21,11
4889,37,167,0,8
4890,62,277,0,8
4891,33,172,0,8
4892,16,77,0,8
4893,30,159,1,9
4894,5,23,0,6
4895,5,25,0,7
4896,19,133,14,11
4897,7,45,1,10
4898,11,52,0,7
4899,10,45,0,11
4900,11,48,0,6
4901,25,147,18,11
4902,10,45,2,4
4903,22,135,16,12
4904,6,35,1,8
4905,94,416,0,7
4906,31,182,11,7
4907,6,33,0,6
4908,3,23,0,8
4909,8,41,0,8
4910,6,25,0,4
4911,29,161,3,13
4912,17,81,0,8
4913,7,28,0,7
4914,26,156,7,9
4915,47,238,0,13
4916,25,135,0,10
4917,7,34,0,7
4918,28,154,19,11
4919,18,81,0,8
4920,10,46,0,8
4921,9,49,0,7
4922,33,149,0,9
4923,34,157,0,7
4924,7,39,0,6
4925,9,50,1,7
4926,9,39,0,5
4927,9,49,0,8
4928,6,23,0,5
4929,19,99,0,9
4930,32,160,8,8
4931,24,125,0,8
4932,32,150,0,7
4933,6,38,1,7
4934,5,23,0,4
4935,7,34,0,8
4936,17,84,0,6
4937,3,25,0,14
4938,9,39,0,5
4939,26,130,0,10
4940,18,86,1,8
4941,11,47,1,4
4942,17,88,0,13
4943,22,107,1,8
4944,17,96,0,10
4945,18,87,0,6
4946,24,108,0,8
4947,9,41,0,8
4948,19,121,19,11
4949,29,138,0,7
4950,9,34,0,7
4951,32,147,0,8
4952,31,137,3,8
4953,23,141,4,9
4954,21,101,1,9
4955,14,65,1,7
4956,18,74,0,7
4957,32,147,0,8
4958,9,40,0,6
4959,8,33,0,5
4960,16,66,2,7
4961,10,42,0,4
4962,36,153,0,10
4963,2,10,0,3
4964,7,35,0,6
4965,27,154,5,14
4966,16,67,0,6
4967,26,161,21,11
4968,26,138,12,8
4969,25,134,0,8
4970,30,126,1,6
4971,25,133,0,9
4972,9,45,0,6
4973,10,43,0,4
4974,27,143,0,10
4975,13,63,1,7
4976,11,55,0,7
4977,9,55,0,8
4978,10,55,1,8
4979,21,91,2,8
4980,21,112,0,8
4981,5,23,0,5
4982,5,23,0,5
4983,10,58,0,9
4984,4,25,0,10
4985,25,139,13,10
4986,7,39,1,8
4987,8,33,1,4
4988,17,71,0,7
4989,2,26,0,7
4990,20,97,0,9
4991,28,178,21,11
4992,20,98,4,7
4993,6,28,0,6
4994,27,153,3,12
4995,10,43,0,5
4996,13,62,0,6
4997,10,52,0,8
4998,4,29,0,9
4999,5,23,0,4
5000,5,27,0,6
5001,14,79,0,8
5002,9,52,0,9
5003,8,43,0,7
5004,25,170,23,20
5005,52,248,0,9
5006,18,82,0,8
5007,4,16,0,4
5008,6,29,0,8
5009,6,29,0,6
5010,15,79,0,7
5011,10,61,0,9
5012,26,157,24,14
5013,13,60,0,7
5014,12,60,0,9
5015,29,147,0,8
5016,17,74,1,5
5017,11,48,1,6
5018,27,155,20,11
5019,32,153,0,7
5020,6,32,0,6
5021,14,67,0,7
5022,3,20,0,5
5023,13,58,0,8
5024,20,101,0,8
5025,4,23,0,6
5026,12,45,1,5
5027,24,147,28,11
5028,18,134,27,11
5029,14,68,0,8
5030,21,127,24,11
5031,17,85,0,6
5032,9,49,0,12
5033,10,44,0,8
5034,13,70,0,7
5035,6,28,0,11
5036,16,73,0,6
5037,31,150,3,10
5038,7,29,0,4
5039,28,134,0,8
5040,21,99,0,8
5041,25,136,15,10
5042,13,71,0,8
5043,17,110,18,11
5044,8,42,1,8
5045,25,112,2,6
5046,18,98,0,9
5047,17,90,1,7
5048,6,32,0,6
5049,18,90,1,9
5050,31,156,0,10
5051,9,44,0,8
5052,9,47,0,7
5053,19,112,0,10
5054,6,28,0,4
5055,22,160,17,11
5056,36,176,0,11
5057,8,43,0,9
5058,27,139,4,7
5059,8,51,0,8
5060,20,146,24,11
5061,7,31,0,10
5062,11,50,0,7
5063,19,92,1,7
5064,8,37,2,5
5065,6,31,0,5
5066,10,64,0,10
5067,23,120,0,9
5068,16,133,19,21
5069,7,27,0,5
5070,14,83,0,7
5071,28,161,19,11
5072,4,24,0,9
5073,19,138,26,15
5074,10,54,1,6
5075,14,67,0,7
5076,24,133,19,11
5077,12,63,0,12
5078,17,75,0,5
5079,23,159,21,17
5080,19,94,1,10
5081,31,150,1,10
5082,11,44,0,6
5083,23,153,1,12
5084,39,257,0,10
5085,11,52,1,7
5086,3,22,0,8
5087,10,52,0,6
5088,18,86,0,7
5089,17,95,0,9
5090,5,23,0,8
5091,7,32,0,5
5092,5,25,0,6
5093,9,47,0,10
5094,13,66,1,7
5095,6,33,0,7
5096,20,121,0,9
5097,7,37,0,8
5098,15,72,0,6
5099,15,71,0,5
5100,27,150,2,9
5101,33,167,0,8
5102,7,33,0,5
5103,9,42,0,5
5104,26,154,0,16
5105,18,99,0,18
5106,95,447,4,9
5107,33,151,0,8
5108,9,48,0,8
5109,14,58,2,6
5110,27,155,0,13
5111,5,34,0,16
5112,6,48,12,11
5113,5,28,0,7
5114,26,160,13,11
5115,17,92,2,10
5116,9,40,0,6
5117,26,157,6,9
5118,8,54,0,11
5119,12,89,0,13
5120,5,29,0,8
5121,10,44,0,6
5122,5,45,7,9
5123,7,33,0,4
5124,13,72,1,11
5125,6,31,0,6
5126,31,155,0,10
5127,21,108,1,7
5128,19,102,0,9
5129,7,32,0,6
5130,11,50,2,5
5131,58,282,9,9
5132,8,38,0,5
5133,18,71,0,5
5134,22,115,0,8
5135,23,117,1,8
5136,8,48,0,8
5137,5,28,0,7
5138,17,88,0,7
5139,25,165,26,11
5140,19,89,0,6
5141,49,229,1,9
5142,18,103,0,8
5143,29,163,19,8
5144,28,134,0,8
5145,20,89,1,7
5146,9,37,0,6
5147,18,78,0,7
5148,16,105,0,15
5149,30,157,5,9
5150,18,88,0,7
5151,6,29,0,6
5152,22,131,0,11
5153,17,80,0,7
5154,40,185,0,10
5155,12,54,0,8
5156,5,32,0,8
5157,20,86,0,9
5158,14,78,0,10
5159,6,24,0,4
5160,14,77,1,8
5161,6,29,0,6
5162,6,31,0,7
5163,17,76,0,6
5164,8,37,0,5
5165,6,24,0,5
5166,24,161,21,11
5167,7,34,0,7
5168,24,100,0,7
5169,5,25,0,6
5170,16,68,0,6
5171,6,25,0,5
5172,23,86,0,6
5173,6,29,0,8
5174,11,47,0,7
5175,1,5,1,1
5176,6,56,0,16
5177,18,94,0,8
5178,12,71,0,11
5179,18,87,1,8
5180,20,120,11,7
5181,24,102,0,6
5182,34,158,0,7
5183,11,50,0,9
5184,6,26,0,4
5185,7,36,0,7
5186,13,49,0,5
5187,10,44,0,6
5188,5,28,0,8
5189,4,19,0,5
5190,1,5,0,4
5191,28,143,19,11
5192,27,157,6,12
5193,5,23,0,5
5194,14,70,0,6
5195,8,38,0,8
5196,8,40,0,6
5197,28,135,2,7
5198,27,151,18,15
5199,19,86,0,6
5200,22,117,0,12
5201,9,43,0,7
5202,25,152,12,12
5203,25,165,26,11
5204,8,41,0,8
5205,4,24,0,9
5206,13,62,0,6
5207,23,161,15,11
5208,9,44,0,7
5209,23,110,0,9
5210,6,31,0,5
5211,61,330,0,15
5212,18,92,0,10
5213,6,32,0,9
5214,7,30,0,8
5215,4,23,1,8
5216,25,137,21,11
5217,10,41,0,5
5218,8,30,0,5
5219,9,39,0,5
5220,8,42,0,12
5221,11,52,0,6
5222,8,36,1,5
5223,16,90,2,7
5224,10,52,1,7
5225,11,41,0,6
5226,23,111,3,7
5227,26,142,1,8
5228,10,46,0,6
5229,15,72,0,7
5230,19,147,29,11
5231,8,36,0,5
5232,7,30,0,6
5233,35,144,1,7
5234,27,160,14,11
5235,9,49,0,7
5236,5,22,0,4
5237,21,99,0,10
5238,17,137,9,9
5239,26,156,16,12
5240,8,33,0,5
5241,9,44,1,5
5242,10,49,0,6
5243,6,26,0,8
5244,3,20,0,8
5245,23,134,0,9
5246,12,67,0,9
5247,11,59,0,8
5248,26,120,0,7
5249,10,54,1,6
5250,8,39,0,7
5251,10,46,1,7
5252,19,128,24,11
5253,20,100,0,7
5254,15,78,0,7
5255,13,56,0,6
5256,5,24,0,8
5257,3,22,0,6
5258,8,34,0,8
5259,8,47,0,5
5260,4,24,2,7
5261,18,83,0,8
5262,25,128,0,10
5263,12,75,0,10
5264,5,24,0,4
5265,12,66,0,10
5266,68,325,1,9
5267,6,27,1,4
5268,33,153,0,9
5269,8,46,1,8
5270,16,83,0,7
5271,31,146,10,8
5272,13,52,0,5
5273,10,46,1,7
5274,33,153,1,8
5275,10,43,0,4
5276,20,102,0,6
5277,7,30,0,7
5278,13,64,0,8
5279,34,169,0,10
5280,21,145,24,11
5281,16,110,0,8
5282,6,36,0,6
5283,7,39,0,8
5284,12,50,0,4
5285,6,32,0,8
5286,6,25,0,5
5287,28,157,20,15
5288,8,41,0,6
5289,16,114,0,10
5290,26,120,0,11
5291,10,51,4,8
5292,5,24,0,5
5293,9,48,0,7
5294,22,156,27,11
5295,8,39,0,9
5296,22,158,19,32
5297,13,52,0,5
5298,7,33,0,7
5299,23,126,0,8
5300,10,37,0,5
5301,9,56,0,7
5302,6,24,0,7
5303,7,36,0,8
5304,17,88,0,6
5305,16,72,0,6
5306,21,95,1,7
5307,17,98,0,12
5308,12,52,1,5
5309,5,24,0,5
5310,35,163,0,10
5311,17,83,3,7
5312,7,33,0,8
5313,32,147,1,11
5314,21,122,0,8
5315,9,41,0,6
5316,28,158,16,8
5317,5,28,0,6
5318,5,29,0,8
5319,22,98,0,9
5320,31,160,0,11
5321,4,29,0,11
5322,8,37,0,6
5323,14,65,1,9
5324,7,31,0,6
5325,6,27,0,5
5326,34,190,0,10
5327,37,161,0,7
5328,5,27,0,5
5329,5,30,0,9
5330,5,25,0,5
5331,5,30,0,7
5332,10,48,0,8
5333,15,73,1,9
5334,7,38,0,6
5335,24,126,0,8
5336,8,53,0,9
5337,42,193,0,8
5338,26,127,0,8
5339,8,40,0,8
5340,7,26,0,5
5341,8,36,0,6
5342,7,34,0,5
5343,8,39,0,6
5344,22,157,26,11
5345,13,78,0,12
5346,7,39,0,8
5347,4,18,0,5
5348,20,131,0,10
5349,28,134,1,9
5350,11,41,0,7
5351,3,12,0,4
5352,8,46,0,10
5353,12,68,1,7
5354,7,41,0,8
5355,17,85,0,7
5356,24,101,1,6
5357,22,146,0,9
5358,5,31,0,9
5359,1,3,0,2
5360,26,126,0,8
5361,24,134,9,9
5362,12,57,0,6
5363,8,43,0,8
5364,14,71,0,7
5365,9,51,3,7
5366,17,113,24,11
5367,14,107,13,11
5368,26,158,17,11
5369,29,136,0,9
5370,22,157,16,11
5371,10,47,0,5
5372,27,140,0,11
5373,9,39,0,6
5374,10,47,0,7
5375,12,45,0,5
5376,40,213,0,10
5377,11,52,0,7
5378,25,117,0,10
5379,13,91,14,11
5380,27,161,26,11
5381,15,81,0,10
5382,9,49,0,10
5383,6,43,12,7
5384,14,65,0,8
5385,17,89,0,11
5386,33,162,1,9
5387,26,148,0,10
5388,6,25,0,6
5389,19,102,0,6
5390,9,41,0,6
5391,8,37,0,6
5392,5,27,0,9
5393,4,24,0,8
5394,14,60,0,7
5395,22,105,0,11
5396,8,42,0,7
5397,12,51,1,7
5398,8,41,0,8
5399,4,30,0,11
5400,11,50,0,6
5401,9,46,0,10
5402,32,164,0,9
5403,20,87,2,7
5404,28,130,0,6
5405,9,41,0,5
5406,12,70,1,11
5407,6,29,0,5
5408,8,35,0,5
5409,38,163,0,7
5410,5,24,0,3
5411,7,40,0,10
5412,18,83,2,9
5413,9,37,0,7
5414,16,81,1,8
5415,17,82,2,11
5416,2,11,0,5
5417,19,91,0,7
5418,21,113,2,8
5419,8,41,0,6
5420,17,73,0,7
5421,22,83,0,6
5422,7,38,0,9
5423,7,41,0,9
5424,10,40,1,4
5425,5,23,0,5
5426,20,85,0,8
5427,7,41,0,9
5428,10,46,0,6
5429,18,107,11,11
5430,6,33,0,8
5431,23,98,4,5
5432,22,103,0,8
5433,8,35,0,9
5434,5,23,1,5
5435,12,52,0,8
5436,11,60,0,9
5437,8,34,0,6
5438,6,27,0,4
5439,7,29,0,5
5440,6,35,0,8
5441,9,45,1,7
5442,8,46,0,9
5443,19,91,0,8
5444,22,100,3,10
5445,27,164,15,10
5446,15,71,0,7
5447,16,69,0,6
5448,22,105,0,8
5449,7,38,0,7
5450,10,52,0,7
5451,12,71,0,7
5452,5,24,0,5
5453,44,252,0,10
5454,6,41,0,7
5455,7,39,0,6
5456,8,45,0,9
5457,18,102,0,9
5458,17,111,13,11
5459,7,28,0,7
5460,5,23,0,5
5461,25,121,0,7
5462,26,158,13,11
5463,14,52,1,4
5464,26,148,10,13
5465,4,18,1,5
5466,8,50,0,8
5467,19,90,0,6
5468,13,86,17,20
5469,30,157,5,9
5470,26,144,20,11
5471,2,8,0,3
5472,5,27,0,7
5473,1,4,0,3
5474,15,80,0,9
5475,7,36,0,8
5476,25,123,0,8
5477,12,55,0,5
5478,14,75,0,8
5479,9,51,0,7
5480,4,26,0,8
5481,12,62,1,9
5482,8,36,0,5
5483,6,32,0,6
5484,26,150,22,11
5485,14,80,0,9
5486,29,170,9,7
5487,28,136,0,8
5488,6,34,0,8
5489,28,146,13,17
5490,6,24,0,5
5491,8,44,1,7
5492,6,24,0,5
5493,14,66,1,8
5494,30,162,9,9
5495,13,66,0,9
5496,34,156,0,9
5497,22,119,0,9
5498,15,59,0,5
5499,24,159,18,11
5500,9,35,0,4
5501,8,46,1,8
5502,30,156,0,10
5503,17,149,40,11
5504,7,37,0,7
5505,14,83,0,14
5506,8,41,0,5
5507,26,128,0,8
5508,31,150,1,10
5509,8,39,0,6
5510,11,59,0,9
5511,14,62,0,5
5512,5,25,0,7
5513,7,40,0,10
5514,4,26,0,6
5515,14,70,0,6
5516,7,34,0,4
5517,57,246,0,10
5518,31,140,1,8
5519,33,167,0,10
5520,28,123,0,7
5521,11,57,0,7
5522,7,33,0,8
5523,7,36,0,7
5524,7,36,0,6
5525,4,24,0,8
5526,23,154,28,11
5527,23,104,0,9
5528,17,135,29,11
5529,11,69,0,14
5530,9,50,0,10
5531,5,26,0,5
5532,15,65,0,8
5533,11,61,0,11
5534,6,41,0,11
5535,25,114,1,5
5536,5,29,0,7
5537,61,330,0,15
5538,11,55,0,7
5539,14,91,21,11
5540,37,159,0,8
5541,4,27,0,8
5542,31,161,14,9
5543,5,22,0,4
5544,8,41,0,7
5545,8,39,0,6
5546,35,155,0,9
5547,10,46,0,6
5548,8,43,0,9
5549,26,161,2,8
5550,8,35,0,7
5551,18,88,0,7
5552,9,44,0,5
5553,11,52,0,9
5554,17,92,0,9
5555,5,28,0,6
5556,21,99,0,7
5557,34,154,4,8
5558,14,64,0,7
5559,50,274,1,11
5560,5,23,0,5
5561,15,67,0,5
5562,7,34,0,8
5563,15,71,0,7
5564,17,97,1,11
5565,4,20,1,4
5566,15,68,0,9
5567,3,13,0,3
5568,27,148,5,8
5569,29,162,21,12
5570,8,38,0,9
5571,10,58,0,11
5572,27,126,0,10
5573,6,27,0,4
